{
    "loss_list": [
        [
            2.1999571323394775,
            2.0148422718048096
        ]
    ],
    "acc_list": [
        [
            16.0,
            29.0
        ]
    ]
}