{
  "seed_index": 2,
  "seed_value": 1236,
  "test_accuracy": 0.502,
  "loss_history": [
    0.7094027996063232,
    0.7165891528129578,
    0.7174990177154541,
    0.7196226716041565,
    0.710787296295166,
    0.7160133123397827,
    0.710559606552124,
    0.7123048901557922,
    0.7134473323822021,
    0.7156426310539246,
    0.7078943848609924,
    0.710939884185791,
    0.7111666202545166,
    0.7059881687164307,
    0.7047815918922424,
    0.700431227684021,
    0.7044914960861206,
    0.7067916989326477,
    0.7056822180747986,
    0.7090638875961304,
    0.695798397064209,
    0.7176197171211243,
    0.7239774465560913,
    0.7157508730888367,
    0.7037888169288635,
    0.708625316619873,
    0.7083331346511841,
    0.7142529487609863,
    0.7043392658233643,
    0.7057969570159912,
    0.7093364596366882,
    0.7121759057044983,
    0.6985886096954346,
    0.7024403214454651,
    0.7084671854972839,
    0.7038593888282776,
    0.7030143141746521,
    0.7017959356307983,
    0.7024217247962952,
    0.7004819512367249,
    0.7090772390365601,
    0.7062196135520935,
    0.7058609127998352,
    0.7031004428863525,
    0.7004985809326172,
    0.7111003398895264,
    0.7042685151100159,
    0.7064577341079712,
    0.7067745923995972,
    0.7000261545181274,
    0.7072585225105286,
    0.7112212181091309,
    0.704700767993927,
    0.7036678791046143,
    0.6985208988189697,
    0.7053230404853821,
    0.6958670020103455,
    0.7005296349525452,
    0.6987254619598389,
    0.7025026679039001,
    0.6952931880950928,
    0.6980689167976379,
    0.6999395489692688,
    0.7004759311676025,
    0.6966797709465027,
    0.695168137550354,
    0.6973230242729187,
    0.695594072341919,
    0.6912714242935181,
    0.7024113535881042,
    0.7055574059486389,
    0.6978704333305359,
    0.7045333981513977,
    0.6938379406929016,
    0.7026290893554688,
    0.6959956884384155,
    0.7010800242424011,
    0.6991813778877258,
    0.6914495825767517,
    0.6947212219238281,
    0.6960752010345459,
    0.6972097158432007,
    0.7012618184089661,
    0.6996082067489624,
    0.6959633827209473,
    0.6973088979721069,
    0.6977583169937134,
    0.6933557391166687,
    0.6933185458183289,
    0.6985026597976685,
    0.6921912431716919,
    0.6918603777885437,
    0.6877405643463135,
    0.6936228275299072,
    0.6906800866127014,
    0.6956974267959595,
    0.7005219459533691,
    0.6915135383605957,
    0.6894598603248596,
    0.6854169368743896,
    0.6917272806167603,
    0.691753089427948,
    0.6941511034965515,
    0.6968296766281128,
    0.6900283098220825,
    0.6943495869636536,
    0.6968841552734375,
    0.6924962401390076,
    0.6894955635070801,
    0.6840651035308838,
    0.6956734657287598,
    0.6889707446098328,
    0.70269775390625,
    0.6935625672340393,
    0.6858776211738586,
    0.6864729523658752,
    0.6920161247253418,
    0.6920365691184998,
    0.6814809441566467,
    0.6953498125076294,
    0.6916307806968689,
    0.6900487542152405,
    0.692131757736206,
    0.6857516765594482,
    0.6955344676971436,
    0.69427889585495,
    0.6924187541007996,
    0.6819400787353516,
    0.6870887875556946,
    0.6815885901451111,
    0.6878297924995422,
    0.6904550790786743,
    0.6877702474594116,
    0.6852277517318726,
    0.6874196529388428,
    0.682620108127594,
    0.6897308230400085,
    0.6816507577896118,
    0.6811554431915283,
    0.6839599609375,
    0.6894276142120361,
    0.6837781667709351,
    0.6957077980041504,
    0.6819444298744202,
    0.6792741417884827,
    0.6880537271499634,
    0.6731128096580505,
    0.6855615973472595,
    0.6799224019050598,
    0.6792077422142029,
    0.679034411907196,
    0.6715071201324463,
    0.6768434643745422,
    0.6795867681503296,
    0.685530424118042,
    0.6818554401397705,
    0.6822882890701294,
    0.675290048122406,
    0.6825377941131592,
    0.680683434009552,
    0.6782948970794678,
    0.6791355013847351,
    0.6758923530578613,
    0.6658639311790466,
    0.6861619353294373,
    0.688160240650177,
    0.6741395592689514,
    0.6814670562744141,
    0.6827691793441772,
    0.6738714575767517,
    0.6780097484588623,
    0.6802623867988586,
    0.6764240264892578,
    0.6736881136894226,
    0.6745769381523132,
    0.6875212788581848,
    0.6719653606414795,
    0.6868274211883545,
    0.6708365082740784,
    0.6787723302841187,
    0.6679023504257202,
    0.6789355278015137,
    0.685326337814331,
    0.6778441667556763,
    0.657680869102478,
    0.6662325859069824,
    0.6749141812324524,
    0.6674454212188721,
    0.6571633815765381,
    0.678606390953064,
    0.6747976541519165,
    0.6412400007247925,
    0.6806104183197021,
    0.7020626068115234,
    0.6716962456703186,
    0.6809750199317932,
    0.6586434245109558,
    0.6686683893203735,
    0.6508082747459412,
    0.6927103996276855
  ],
  "accuracy_history": [
    0.4365,
    0.412,
    0.3765,
    0.3375,
    0.29,
    0.267,
    0.2675,
    0.2645,
    0.271,
    0.282,
    0.295,
    0.293,
    0.3045,
    0.3045,
    0.294,
    0.2895,
    0.294,
    0.305,
    0.314,
    0.322,
    0.3415,
    0.349,
    0.34,
    0.3265,
    0.317,
    0.3125,
    0.3005,
    0.3005,
    0.302,
    0.306,
    0.3105,
    0.3175,
    0.3215,
    0.3255,
    0.3335,
    0.3385,
    0.34,
    0.344,
    0.347,
    0.3565,
    0.3645,
    0.3735,
    0.3785,
    0.385,
    0.392,
    0.391,
    0.3885,
    0.389,
    0.3895,
    0.38,
    0.3795,
    0.3825,
    0.39,
    0.3835,
    0.39,
    0.397,
    0.397,
    0.4025,
    0.4085,
    0.4075,
    0.409,
    0.414,
    0.419,
    0.419,
    0.4185,
    0.424,
    0.4325,
    0.435,
    0.433,
    0.435,
    0.4375,
    0.4425,
    0.443,
    0.4445,
    0.4475,
    0.451,
    0.4535,
    0.4585,
    0.46,
    0.462,
    0.464,
    0.4695,
    0.471,
    0.4765,
    0.4815,
    0.4825,
    0.4845,
    0.492,
    0.4985,
    0.5,
    0.5055,
    0.5075,
    0.5105,
    0.515,
    0.52,
    0.52,
    0.5405,
    0.5455,
    0.557,
    0.5525,
    0.5575,
    0.5495,
    0.54,
    0.537,
    0.533,
    0.5305,
    0.532,
    0.5335,
    0.5355,
    0.53,
    0.5325,
    0.5335,
    0.5415,
    0.5505,
    0.5575,
    0.549,
    0.545,
    0.5455,
    0.544,
    0.5465,
    0.5515,
    0.5555,
    0.558,
    0.56,
    0.5645,
    0.569,
    0.582,
    0.5895,
    0.607,
    0.621,
    0.633,
    0.6385,
    0.643,
    0.6505,
    0.6585,
    0.669,
    0.6745,
    0.6775,
    0.6825,
    0.68,
    0.68,
    0.684,
    0.693,
    0.6945,
    0.6925,
    0.6995,
    0.701,
    0.7035,
    0.7045,
    0.7075,
    0.71,
    0.7115,
    0.709,
    0.7155,
    0.716,
    0.7205,
    0.728,
    0.7405,
    0.747,
    0.7575,
    0.76,
    0.7605,
    0.7635,
    0.7635,
    0.766,
    0.7675,
    0.77,
    0.7715,
    0.7735,
    0.7755,
    0.7785,
    0.7805,
    0.7765,
    0.7425,
    0.717,
    0.702,
    0.689,
    0.683,
    0.671,
    0.6605,
    0.6425,
    0.627,
    0.6235,
    0.6245,
    0.6205,
    0.606,
    0.598,
    0.5805,
    0.551,
    0.539,
    0.5325,
    0.518,
    0.511,
    0.507,
    0.505,
    0.504,
    0.503,
    0.503,
    0.5025,
    0.502
  ]
}