{
  "seed_index": 1,
  "seed_value": 1235,
  "test_accuracy": 0.918,
  "loss_history": [
    0.7629440426826477,
    0.7198982238769531,
    0.7218365669250488,
    0.6927803754806519,
    0.68970787525177,
    0.6782737970352173,
    0.760538637638092,
    0.6894184350967407,
    0.6850196123123169,
    0.6883389353752136,
    0.7417800426483154,
    0.6751490831375122,
    0.699398934841156,
    0.6575873494148254,
    0.6649670600891113,
    0.6576355695724487,
    0.6845969557762146,
    0.6828267574310303,
    0.7039307355880737,
    0.7075183987617493,
    0.7120510339736938,
    0.721098780632019,
    0.7100591063499451,
    0.6616695523262024,
    0.6896729469299316,
    0.6886001825332642,
    0.6958757042884827,
    0.674787700176239,
    0.6997442841529846,
    0.6761057376861572,
    0.6930552124977112,
    0.6757010817527771,
    0.6783958673477173,
    0.6876078844070435,
    0.6732333302497864,
    0.6707703471183777,
    0.6983219981193542,
    0.6792585849761963,
    0.6720632314682007,
    0.6770861148834229,
    0.692989706993103,
    0.6678410172462463,
    0.679674506187439,
    0.6792393326759338,
    0.6853408813476562,
    0.68511962890625,
    0.6818501353263855,
    0.6906947493553162,
    0.667982280254364,
    0.6753997802734375,
    0.6761497259140015,
    0.6911870837211609,
    0.670819103717804,
    0.678631603717804,
    0.6697321534156799,
    0.6827428936958313,
    0.6731271147727966,
    0.676840603351593,
    0.6970199346542358,
    0.6736657619476318,
    0.658321738243103,
    0.674530029296875,
    0.6833905577659607,
    0.6842446327209473,
    0.6816434264183044,
    0.6754263043403625,
    0.6703594923019409,
    0.6818932294845581,
    0.6693336367607117,
    0.6661421060562134,
    0.6793370246887207,
    0.6738506555557251,
    0.6703243851661682,
    0.6711761951446533,
    0.6678182482719421,
    0.6835349798202515,
    0.6681644320487976,
    0.6817815899848938,
    0.6780070662498474,
    0.6689193844795227,
    0.6698074340820312,
    0.665323793888092,
    0.6747633218765259,
    0.6770751476287842,
    0.6857908368110657,
    0.6805387735366821,
    0.6700237393379211,
    0.6741697788238525,
    0.6768372058868408,
    0.6766698956489563,
    0.6722017526626587,
    0.6803956627845764,
    0.6621752977371216,
    0.6746772527694702,
    0.6650756001472473,
    0.6715409159660339,
    0.6701499819755554,
    0.6737667918205261,
    0.680138111114502,
    0.6658297777175903,
    0.6701212525367737,
    0.6561755537986755,
    0.6657771468162537,
    0.6692044138908386,
    0.6845447421073914,
    0.6758394837379456,
    0.6563337445259094,
    0.6738749146461487,
    0.6558274626731873,
    0.6413991451263428,
    0.6699880361557007,
    0.6887928247451782,
    0.6698917150497437,
    0.6669873595237732,
    0.6548895239830017,
    0.6706368923187256,
    0.6632234454154968,
    0.6769267916679382,
    0.670732319355011,
    0.6595923900604248,
    0.6704627275466919,
    0.686038076877594,
    0.6724605560302734,
    0.6634359955787659,
    0.681557834148407,
    0.670898973941803,
    0.6551905274391174,
    0.6549220085144043,
    0.6518469452857971,
    0.6671273708343506,
    0.6684839129447937,
    0.6864079236984253,
    0.6807020306587219,
    0.6628015637397766,
    0.6656274199485779,
    0.6713072061538696,
    0.6704918742179871,
    0.6689930558204651,
    0.6641266345977783,
    0.663530707359314,
    0.6652477979660034,
    0.6666466593742371,
    0.6676086187362671,
    0.658088207244873,
    0.6691668629646301,
    0.6578006148338318,
    0.6606132388114929,
    0.6639212965965271,
    0.6664673686027527,
    0.667618989944458,
    0.6613250970840454,
    0.6703521013259888,
    0.6632616519927979,
    0.6654805541038513,
    0.659697413444519,
    0.6552333831787109,
    0.657960832118988,
    0.6609559059143066,
    0.6691852807998657,
    0.6564317345619202,
    0.667671799659729,
    0.6541257500648499,
    0.6649696826934814,
    0.6672601103782654,
    0.6580009460449219,
    0.6551862359046936,
    0.664585292339325,
    0.6510276198387146,
    0.6613414287567139,
    0.6550668478012085,
    0.6610966324806213,
    0.6698012351989746,
    0.6656458973884583,
    0.6628000140190125,
    0.6482610106468201,
    0.6657484173774719,
    0.6499157547950745,
    0.6586349606513977,
    0.666618824005127,
    0.6701188087463379,
    0.6760431528091431,
    0.656251847743988,
    0.658841073513031,
    0.6544376611709595,
    0.6586598753929138,
    0.6615118384361267,
    0.6546804904937744,
    0.6590316295623779,
    0.6514984965324402,
    0.6471469402313232,
    0.653817355632782,
    0.6601445078849792,
    0.6551592350006104,
    0.6644456386566162,
    0.6563442945480347,
    0.660525381565094,
    0.6454613208770752,
    0.6517207622528076,
    0.6458625793457031,
    0.6470495462417603
  ],
  "accuracy_history": [
    0.5,
    0.5,
    0.5,
    0.5,
    0.5,
    0.5,
    0.5,
    0.5,
    0.5,
    0.5,
    0.5,
    0.5,
    0.5,
    0.5,
    0.5,
    0.5,
    0.5,
    0.5,
    0.5,
    0.5,
    0.5,
    0.5,
    0.5005,
    0.5005,
    0.5005,
    0.501,
    0.501,
    0.501,
    0.501,
    0.502,
    0.5035,
    0.5035,
    0.506,
    0.5075,
    0.511,
    0.5145,
    0.5205,
    0.5255,
    0.528,
    0.533,
    0.538,
    0.543,
    0.5425,
    0.5405,
    0.541,
    0.5425,
    0.55,
    0.5635,
    0.568,
    0.571,
    0.575,
    0.583,
    0.5855,
    0.584,
    0.58,
    0.5785,
    0.5765,
    0.5755,
    0.585,
    0.5955,
    0.5965,
    0.599,
    0.6045,
    0.6115,
    0.62,
    0.636,
    0.654,
    0.675,
    0.684,
    0.6895,
    0.692,
    0.6965,
    0.697,
    0.695,
    0.6835,
    0.6835,
    0.677,
    0.675,
    0.6755,
    0.6705,
    0.6605,
    0.64,
    0.631,
    0.6205,
    0.617,
    0.6245,
    0.6245,
    0.6225,
    0.616,
    0.617,
    0.6175,
    0.6235,
    0.6265,
    0.631,
    0.6365,
    0.6355,
    0.639,
    0.6405,
    0.647,
    0.653,
    0.66,
    0.6465,
    0.634,
    0.6215,
    0.621,
    0.6285,
    0.6275,
    0.639,
    0.6385,
    0.6235,
    0.6125,
    0.6155,
    0.616,
    0.6255,
    0.6235,
    0.627,
    0.6215,
    0.6205,
    0.623,
    0.6185,
    0.6175,
    0.622,
    0.6325,
    0.635,
    0.655,
    0.6755,
    0.6835,
    0.6865,
    0.687,
    0.6865,
    0.688,
    0.705,
    0.7365,
    0.7535,
    0.779,
    0.8045,
    0.8425,
    0.8615,
    0.874,
    0.89,
    0.898,
    0.9,
    0.9045,
    0.9055,
    0.9095,
    0.91,
    0.9095,
    0.911,
    0.911,
    0.9115,
    0.912,
    0.9125,
    0.914,
    0.915,
    0.915,
    0.913,
    0.911,
    0.912,
    0.9115,
    0.9095,
    0.9085,
    0.9085,
    0.909,
    0.91,
    0.9105,
    0.906,
    0.9005,
    0.896,
    0.891,
    0.882,
    0.869,
    0.866,
    0.8645,
    0.8665,
    0.8635,
    0.8655,
    0.8665,
    0.866,
    0.8665,
    0.8735,
    0.891,
    0.8965,
    0.9,
    0.9025,
    0.9035,
    0.9055,
    0.9095,
    0.9115,
    0.9135,
    0.916,
    0.9175,
    0.919,
    0.919,
    0.919,
    0.919,
    0.919,
    0.9195,
    0.9195,
    0.919,
    0.918
  ]
}