{
  "seed_index": 3,
  "seed_value": 1237,
  "test_accuracy": 0.9829787234042553,
  "loss_history": [
    0.7470924854278564,
    0.751291036605835,
    0.6960051655769348,
    0.6838513016700745,
    0.6754641532897949,
    0.7155064344406128,
    0.7118554711341858,
    0.6958910226821899,
    0.6940311193466187,
    0.6849748492240906,
    0.6998220682144165,
    0.6983934044837952,
    0.6893274784088135,
    0.6892898678779602,
    0.685526967048645,
    0.6817626357078552,
    0.6792552471160889,
    0.6778558492660522,
    0.6939839720726013,
    0.6766881346702576,
    0.6989654302597046,
    0.6735078692436218,
    0.6966097354888916,
    0.680867075920105,
    0.6709635257720947,
    0.6402924060821533,
    0.7220758199691772,
    0.7167442440986633,
    0.677650511264801,
    0.661459743976593,
    0.6869973540306091,
    0.7264156341552734,
    0.6324866414070129,
    0.6672876477241516,
    0.6772223114967346,
    0.6905006170272827,
    0.6737752556800842,
    0.6767752170562744,
    0.6655710339546204,
    0.6652442216873169,
    0.6747905015945435,
    0.6636295914649963,
    0.6969343423843384,
    0.644909143447876,
    0.7673442959785461,
    0.6824411749839783,
    0.6547669768333435,
    0.6707919239997864,
    0.6852985620498657,
    0.707152783870697,
    0.6889097094535828,
    0.6675812602043152,
    0.667176365852356,
    0.6876155138015747,
    0.632357656955719,
    0.672889232635498,
    0.6928750872612,
    0.6635733842849731,
    0.663266658782959,
    0.6672782897949219,
    0.6661232113838196,
    0.6666723489761353,
    0.6852026581764221,
    0.6684610247612,
    0.6679156422615051,
    0.6658564209938049,
    0.6898740530014038,
    0.6881258487701416,
    0.6936931610107422,
    0.6597093343734741,
    0.6754960417747498,
    0.6697282195091248,
    0.6619307994842529,
    0.6704291701316833,
    0.6652538180351257,
    0.6714003086090088,
    0.6751682162284851,
    0.6658818125724792,
    0.6637044548988342,
    0.6655512452125549,
    0.6655609011650085,
    0.6585361957550049,
    0.6766170263290405,
    0.6618562340736389,
    0.6681468486785889,
    0.6620703339576721,
    0.6788701415061951,
    0.6739972829818726,
    0.6841646432876587,
    0.6679755449295044,
    0.6657900810241699,
    0.6574028134346008,
    0.6636614799499512,
    0.6531564593315125,
    0.6522781252861023,
    0.6494131684303284,
    0.6579543948173523,
    0.6507187485694885,
    0.6432546973228455,
    0.6444805860519409,
    0.6153776049613953,
    0.6415008306503296,
    0.7000246644020081,
    0.6477840542793274,
    0.6896454691886902,
    0.6823331713676453,
    0.6731278896331787,
    0.6785629987716675,
    0.7174396514892578,
    0.6609646081924438,
    0.6567913889884949,
    0.6663156151771545,
    0.6580452919006348,
    0.6359553933143616,
    0.6452159285545349,
    0.6570025086402893,
    0.6295764446258545,
    0.6401278972625732,
    0.6568899750709534,
    0.6310468316078186,
    0.6703665852546692,
    0.6401656866073608,
    0.6452668905258179,
    0.6982618570327759,
    0.7025032639503479,
    0.6070365309715271,
    0.6520612835884094,
    0.6528617143630981,
    0.6649969220161438,
    0.6161868572235107,
    0.6302619576454163,
    0.6273085474967957,
    0.6122545599937439,
    0.6293735504150391,
    0.6190723180770874,
    0.639029324054718,
    0.6398698687553406,
    0.602103590965271,
    0.6374369263648987,
    0.6134825348854065,
    0.6330211758613586,
    0.6158670783042908,
    0.615271270275116,
    0.6108523011207581,
    0.6303331255912781,
    0.6390938758850098,
    0.6287786364555359,
    0.6282198429107666,
    0.6189638376235962,
    0.6241462230682373,
    0.6250961422920227,
    0.601177990436554,
    0.6353389024734497,
    0.617198646068573,
    0.6033387780189514,
    0.6102161407470703,
    0.6203727126121521,
    0.6287714242935181,
    0.581081211566925,
    0.6252937912940979,
    0.6098310351371765,
    0.6118361949920654,
    0.606941282749176,
    0.6010410189628601,
    0.5807816386222839,
    0.5972161293029785,
    0.5927312970161438,
    0.5889020562171936,
    0.5751683115959167,
    0.6147812008857727,
    0.5575171709060669,
    0.5903347730636597,
    0.5717907547950745,
    0.641471266746521,
    0.6169091463088989,
    0.6124732494354248,
    0.5979841947555542,
    0.5873171091079712,
    0.5276524424552917,
    0.6142702698707581,
    0.5692283511161804,
    0.5922709703445435,
    0.560721218585968,
    0.5819209218025208,
    0.5503298044204712,
    0.5649924874305725,
    0.5640928745269775,
    0.5599411129951477,
    0.5521864891052246,
    0.5920521020889282,
    0.5650103092193604,
    0.5761058926582336,
    0.5482791066169739,
    0.5569672584533691,
    0.5589523315429688,
    0.5618033409118652,
    0.5748780965805054,
    0.5554407238960266,
    0.5639768838882446,
    0.5655091404914856
  ],