{
  "seed_index": 1,
  "seed_value": 1235,
  "test_accuracy": 0.8108747044917257,
  "loss_history": [
    0.6758885979652405,
    0.6601799130439758,
    0.6721226572990417,
    0.6600843667984009,
    0.673363208770752,
    0.673286497592926,
    0.6544507741928101,
    0.6770017743110657,
    0.663301944732666,
    0.6437863707542419,
    0.6856703758239746,
    0.6618077158927917,
    0.6643456816673279,
    0.6684439778327942,
    0.6425234079360962,
    0.6728084683418274,
    0.6887859106063843,
    0.6700992584228516,
    0.6500205993652344,
    0.6571467518806458,
    0.6939143538475037,
    0.6637256741523743,
    0.6645859479904175,
    0.6702711582183838,
    0.6587320566177368,
    0.6906108856201172,
    0.6420227885246277,
    0.6357933282852173,
    0.6920042634010315,
    0.6882549524307251,
    0.6803365349769592,
    0.6317324638366699,
    0.6700028777122498,
    0.6860229969024658,
    0.6675213575363159,
    0.7038915753364563,
    0.6379444003105164,
    0.6597590446472168,
    0.6684569716453552,
    0.6753184795379639,
    0.6868336200714111,
    0.6627927422523499,
    0.6523691415786743,
    0.6615456342697144,
    0.6820852756500244,
    0.6368449926376343,
    0.6230674982070923,
    0.7002742290496826,
    0.6788932085037231,
    0.6575366258621216,
    0.6602680087089539,
    0.6994128227233887,
    0.6862547397613525,
    0.6633911728858948,
    0.6706772446632385,
    0.654386579990387,
    0.6507132053375244,
    0.6419751048088074,
    0.6410710215568542,
    0.6398791670799255,
    0.6902340054512024,
    0.6778913736343384,
    0.6542292237281799,
    0.6427032947540283,
    0.6512413620948792,
    0.6473296880722046,
    0.6437729001045227,
    0.6597502827644348,
    0.6469566822052002,
    0.6191367506980896,
    0.678560197353363,
    0.6540381908416748,
    0.6326140761375427,
    0.6720585823059082,
    0.6797789931297302,
    0.6949572563171387,
    0.6555706858634949,
    0.6415888071060181,
    0.6445245146751404,
    0.6383493542671204,
    0.6318145990371704,
    0.6538025736808777,
    0.6912721991539001,
    0.6841793060302734,
    0.6569119095802307,
    0.6494497656822205,
    0.6583603620529175,
    0.6283426880836487,
    0.6534386277198792,
    0.6615270972251892,
    0.6415228247642517,
    0.6812145113945007,
    0.6673890948295593,
    0.6539832353591919,
    0.6655461192131042,
    0.6308512091636658,
    0.6544511318206787,
    0.6489360332489014,
    0.6491367816925049,
    0.6433793902397156,
    0.6211477518081665,
    0.6590087413787842,
    0.6996836066246033,
    0.6450784206390381,
    0.6479772329330444,
    0.6221713423728943,
    0.6344119906425476,
    0.6758395433425903,
    0.6556839942932129,
    0.6598297357559204,
    0.6570519804954529,
    0.6439434885978699,
    0.6651018261909485,
    0.6406679749488831,
    0.681469738483429,
    0.6534444689750671,
    0.6572403907775879,
    0.6676854491233826,
    0.6226462125778198,
    0.6306077241897583,
    0.6415628790855408,
    0.6342626214027405,
    0.6364825963973999,
    0.6380922198295593,
    0.6421732306480408,
    0.6676868200302124,
    0.6621192693710327,
    0.6813694834709167,
    0.6759443879127502,
    0.6111009120941162,
    0.6199877858161926,
    0.6197918057441711,
    0.6115871071815491,
    0.6451969146728516,
    0.6533709764480591,
    0.6066573858261108,
    0.6445454955101013,
    0.6359467506408691,
    0.6433214545249939,
    0.6387069821357727,
    0.6311065554618835,
    0.6458061337471008,
    0.6507116556167603,
    0.6586317420005798,
    0.6042995452880859,
    0.6571701169013977,
    0.6497465372085571,
    0.6456598043441772,
    0.6269986629486084,
    0.637434184551239,
    0.6522268056869507,
    0.6125080585479736,
    0.6133860349655151,
    0.6418255567550659,
    0.6674742102622986,
    0.6073742508888245,
    0.6342485547065735,
    0.619108259677887,
    0.6246183514595032,
    0.6380360126495361,
    0.6002393960952759,
    0.616471529006958,
    0.6197885870933533,
    0.6572595834732056,
    0.6339158415794373,
    0.6307832598686218,
    0.6461837887763977,
    0.6617289185523987,
    0.6159740090370178,
    0.628967821598053,
    0.6454124450683594,
    0.6452756524085999,
    0.6171940565109253,
    0.6321823596954346,
    0.6234537959098816,
    0.6133154630661011,
    0.6096295714378357,
    0.6376374959945679,
    0.593925416469574,
    0.6167992949485779,
    0.6219674348831177,
    0.5984290242195129,
    0.636019766330719,
    0.6236911416053772,
    0.6186360716819763,
    0.5875313878059387,
    0.6293504238128662,
    0.6116125583648682,
    0.610791802406311,
    0.606937050819397,
    0.6237823367118835,
    0.6233937740325928,
    0.610010027885437,
    0.6146930456161499,
    0.6283226609230042,
    0.6178600192070007,
    0.6155886650085449,
    0.6375954151153564,
    0.5989408493041992,
    0.5972579717636108
  ],