{
  "seed_index": 2,
  "seed_value": 1236,
  "test_accuracy": 0.8189125295508274,
  "loss_history": [
    0.8101559281349182,
    0.6389949321746826,
    0.726753294467926,
    0.8131917715072632,
    0.6993874907493591,
    0.7258889675140381,
    0.7705302238464355,
    0.5952337384223938,
    0.706746518611908,
    0.725502073764801,
    0.7458370923995972,
    0.670379102230072,
    0.7162745594978333,
    0.7132112383842468,
    0.684070885181427,
    0.6991786956787109,
    0.7012472748756409,
    0.6802049279212952,
    0.69765305519104,
    0.6849093437194824,
    0.6898216009140015,
    0.7082546353340149,
    0.6715242266654968,
    0.6560985445976257,
    0.6639171838760376,
    0.7029479742050171,
    0.6755515336990356,
    0.6757655143737793,
    0.6802212595939636,
    0.6597458720207214,
    0.6825358867645264,
    0.6660685539245605,
    0.6638257503509521,
    0.676849365234375,
    0.6635388731956482,
    0.6662821769714355,
    0.6696388721466064,
    0.6697590351104736,
    0.6631495952606201,
    0.6699371933937073,
    0.6666366457939148,
    0.6741600632667542,
    0.6756774187088013,
    0.6574462652206421,
    0.6783155202865601,
    0.6637409329414368,
    0.6712257862091064,
    0.6611611247062683,
    0.6758913397789001,
    0.6785939931869507,
    0.6649931073188782,
    0.6633374691009521,
    0.6697166562080383,
    0.6571370959281921,
    0.6666014194488525,
    0.6618385910987854,
    0.6661390066146851,
    0.6642279028892517,
    0.6636834144592285,
    0.656334400177002,
    0.6756319403648376,
    0.6612172722816467,
    0.6629239916801453,
    0.6577115654945374,
    0.6593221426010132,
    0.6665215492248535,
    0.6505857110023499,
    0.6462422013282776,
    0.6554980278015137,
    0.6601905226707458,
    0.656322181224823,
    0.6500301361083984,
    0.663400411605835,
    0.6467632055282593,
    0.6714746952056885,
    0.6551489233970642,
    0.6598403453826904,
    0.6560118198394775,
    0.670444130897522,
    0.6496296525001526,
    0.6457240581512451,
    0.6485973596572876,
    0.6423778533935547,
    0.656902015209198,
    0.6670668125152588,
    0.6655309200286865,
    0.6463841795921326,
    0.6596774458885193,
    0.6550551652908325,
    0.6485985517501831,
    0.6408644914627075,
    0.6445369124412537,
    0.6416923403739929,
    0.6411514282226562,
    0.6277469396591187,
    0.6266093254089355,
    0.6642866730690002,
    0.6421775221824646,
    0.6468430161476135,
    0.6571238040924072,
    0.642100989818573,
    0.638319730758667,
    0.6441128253936768,
    0.6438021659851074,
    0.6382602453231812,
    0.6304576396942139,
    0.6384097933769226,
    0.6524661183357239,
    0.615176796913147,
    0.6529214382171631,
    0.6264376640319824,
    0.6374719738960266,
    0.617138683795929,
    0.6118403673171997,
    0.6637043952941895,
    0.6401805281639099,
    0.6541686058044434,
    0.6465684771537781,
    0.6545310020446777,
    0.633838951587677,
    0.6261459589004517,
    0.6355319619178772,
    0.6263440251350403,
    0.6275945901870728,
    0.6296148300170898,
    0.6560953259468079,
    0.6426159739494324,
    0.6553135514259338,
    0.6383612155914307,
    0.6213068962097168,
    0.6190981864929199,
    0.619655966758728,
    0.6383939385414124,
    0.6274521350860596,
    0.6207547187805176,
    0.6434246301651001,
    0.6535000801086426,
    0.634960949420929,
    0.6153973937034607,
    0.6254929304122925,
    0.6084163188934326,
    0.6497388482093811,
    0.617812991142273,
    0.6297059059143066,
    0.6144046187400818,
    0.6527639627456665,
    0.6362245678901672,
    0.6339874267578125,
    0.6091613173484802,
    0.6028525829315186,
    0.6294410228729248,
    0.6298816800117493,
    0.6084878444671631,
    0.6194888949394226,
    0.6120133399963379,
    0.6099164485931396,
    0.6066907644271851,
    0.6257236003875732,
    0.6104663014411926,
    0.5908548831939697,
    0.5945554375648499,
    0.6414020657539368,
    0.601848840713501,
    0.5792098045349121,
    0.6016604900360107,
    0.6126880049705505,
    0.6058906316757202,
    0.60663241147995,
    0.6145462393760681,
    0.5879298448562622,
    0.6388764381408691,
    0.6312069296836853,
    0.5871419310569763,
    0.6110912561416626,
    0.585900604724884,
    0.6108806133270264,
    0.5846022963523865,
    0.5855573415756226,
    0.589805006980896,
    0.615667998790741,
    0.5692151784896851,
    0.5795903205871582,
    0.5992424488067627,
    0.5835433006286621,
    0.5783746242523193,
    0.6208485960960388,
    0.5713514089584351,
    0.5748245716094971,
    0.5759278535842896,
    0.5915514826774597,
    0.5436325669288635,
    0.5905783176422119,
    0.5776520371437073,
    0.5948789715766907,
    0.5577259659767151,
    0.5614973306655884,
    0.6278972625732422,
    0.6034753322601318,
    0.6042881011962891,
    0.6102364659309387
  ],