{
    "mean_mse": 2.080074500554474e-05,
    "std_mse": 2.400258919762391e-06,
    "all_mses": [
        2.1225701857474633e-05,
        2.0795243472093716e-05,
        1.7437096175854094e-05,
        2.2301119315670803e-05,
        1.9022281776415184e-05,
        1.8804723367793486e-05,
        1.9366056221770123e-05,
        2.65821745415451e-05,
        2.189091537729837e-05,
        2.0582137949531898e-05
    ]
}