{
  "seed_index": 1,
  "seed_value": 1235,
  "test_accuracy": 0.8137115839243498,
  "loss_history": [
    0.8941472768783569,
    1.0574545860290527,
    0.9665129780769348,
    0.8683947920799255,
    0.7915942668914795,
    0.8191841840744019,
    0.9736881256103516,
    0.7812625169754028,
    0.9576552510261536,
    0.9782407283782959,
    0.7330155968666077,
    0.8571826219558716,
    0.7882748246192932,
    0.7877518534660339,
    0.9687204957008362,
    0.7418286204338074,
    0.7466498017311096,
    0.775001049041748,
    0.907558262348175,
    0.8771827220916748,
    0.7094214558601379,
    0.7760435342788696,
    0.7555450201034546,
    0.7522764801979065,
    0.7900050282478333,
    0.6931707262992859,
    0.8270449042320251,
    0.8424832224845886,
    0.7197744250297546,
    0.6876242160797119,
    0.6884627342224121,
    0.8045793771743774,
    0.738150954246521,
    0.6859098672866821,
    0.718953013420105,
    0.6702293157577515,
    0.7844027876853943,
    0.7153047919273376,
    0.7298459410667419,
    0.6785882711410522,
    0.6808311343193054,
    0.7211837768554688,
    0.7440307140350342,
    0.7166725993156433,
    0.7037608623504639,
    0.7510037422180176,
    0.7300072312355042,
    0.6604165434837341,
    0.6867071390151978,
    0.7127243876457214,
    0.6894503235816956,
    0.6761980652809143,
    0.6960005164146423,
    0.6941086053848267,
    0.6912128329277039,
    0.7091749310493469,
    0.6960122585296631,
    0.7254794836044312,
    0.6987141370773315,
    0.6991314888000488,
    0.6841522455215454,
    0.6833586096763611,
    0.6878635287284851,
    0.6988334059715271,
    0.7016195058822632,
    0.6819204092025757,
    0.6898602843284607,
    0.6869305968284607,
    0.6889449954032898,
    0.6904644966125488,
    0.6798560619354248,
    0.6760818958282471,
    0.684334397315979,
    0.6870241761207581,
    0.6894676685333252,
    0.6903407573699951,
    0.6855539679527283,
    0.67638099193573,
    0.6840283870697021,
    0.6697452068328857,
    0.67047119140625,
    0.6846505999565125,
    0.6907023787498474,
    0.6824430227279663,
    0.6844845414161682,
    0.6803867220878601,
    0.6852614879608154,
    0.6725945472717285,
    0.6762378811836243,
    0.6820774078369141,
    0.676178514957428,
    0.683636486530304,
    0.6831710338592529,
    0.6865594387054443,
    0.6874225735664368,
    0.6679752469062805,
    0.6780820488929749,
    0.6745507717132568,
    0.667897641658783,
    0.6751371622085571,
    0.6624268889427185,
    0.6758220791816711,
    0.6996884346008301,
    0.6662818789482117,
    0.677186906337738,
    0.6551474928855896,
    0.6666485071182251,
    0.6913792490959167,
    0.6889455914497375,
    0.680563747882843,
    0.6779537796974182,
    0.6675131916999817,
    0.6946161389350891,
    0.6701053380966187,
    0.7026975750923157,
    0.6763556003570557,
    0.6810866594314575,
    0.6875811815261841,
    0.6685347557067871,
    0.6679515838623047,
    0.6782902479171753,
    0.6697424054145813,
    0.6609023809432983,
    0.6805182099342346,
    0.6701889038085938,
    0.6967714428901672,
    0.6788493394851685,
    0.692381739616394,
    0.679670512676239,
    0.6580150127410889,
    0.6622534394264221,
    0.668713390827179,
    0.6571677327156067,
    0.6793534159660339,
    0.6794340014457703,
    0.6509587168693542,
    0.6706883907318115,
    0.6700464487075806,
    0.6655281186103821,
    0.6746242642402649,
    0.6601197123527527,
    0.6737374663352966,
    0.681175708770752,
    0.6789390444755554,
    0.6518439650535583,
    0.6828468441963196,
    0.6829417943954468,
    0.6667044162750244,
    0.6651107668876648,
    0.6615452766418457,
    0.6768682599067688,
    0.6494083404541016,
    0.6515194773674011,
    0.6651731729507446,
    0.6878292560577393,
    0.6465006470680237,
    0.6669532656669617,
    0.6540132164955139,
    0.6537312865257263,
    0.6701228618621826,
    0.6468126177787781,
    0.650626540184021,
    0.6589022278785706,
    0.6703237891197205,
    0.667773425579071,
    0.6670599579811096,
    0.6773649454116821,
    0.6770180463790894,
    0.6503417491912842,
    0.6684592366218567,
    0.6675445437431335,
    0.6629158854484558,
    0.6530645489692688,
    0.6621196866035461,
    0.661928653717041,
    0.6537374258041382,
    0.6595859527587891,
    0.6662775278091431,
    0.6462262868881226,
    0.6606955528259277,
    0.6603715419769287,
    0.6591445207595825,
    0.671155571937561,
    0.6605992317199707,
    0.6464902758598328,
    0.6387475728988647,
    0.6555129289627075,
    0.6595213413238525,
    0.6436784267425537,
    0.6464061737060547,
    0.6541221141815186,
    0.6525378227233887,
    0.6552942395210266,
    0.6502863168716431,
    0.6565853357315063,
    0.6455667614936829,
    0.6482729911804199,
    0.664247453212738,
    0.6545791625976562,
    0.6385999917984009
  ],