{
  "seed_index": 3,
  "seed_value": 1237,
  "test_accuracy": 0.5725768321513003,
  "loss_history": [
    0.6795969605445862,
    0.6595253944396973,
    0.7263526320457458,
    0.7487359642982483,
    0.7570769786834717,
    0.678610622882843,
    0.6797067523002625,
    0.702523410320282,
    0.7098110914230347,
    0.7277181148529053,
    0.6719413995742798,
    0.6395325064659119,
    0.7117780447006226,
    0.7058290243148804,
    0.6678584218025208,
    0.6783342957496643,
    0.6668562293052673,
    0.6831873059272766,
    0.7137203216552734,
    0.6751357913017273,
    0.7164002060890198,
    0.672899603843689,
    0.7074156999588013,
    0.6867187023162842,
    0.6741114854812622,
    0.6402243971824646,
    0.7264180183410645,
    0.7215755581855774,
    0.6876199841499329,
    0.6683872938156128,
    0.6954121589660645,
    0.7206212878227234,
    0.6503311395645142,
    0.6767519116401672,
    0.6818854808807373,
    0.6890504360198975,
    0.6901704668998718,
    0.6796890497207642,
    0.6746047735214233,
    0.6742591261863708,
    0.6843308210372925,
    0.6738479137420654,
    0.7013244032859802,
    0.6565123796463013,
    0.757161021232605,
    0.6931403279304504,
    0.6666181087493896,
    0.6868533492088318,
    0.6918189525604248,
    0.7202368378639221,
    0.7060716152191162,
    0.6814849972724915,
    0.6764305233955383,
    0.7007734179496765,
    0.6352249383926392,
    0.6842553019523621,
    0.7222447991371155,
    0.663550615310669,
    0.6749921441078186,
    0.6888724565505981,
    0.6804525256156921,
    0.6747403740882874,
    0.7057167291641235,
    0.6916970014572144,
    0.6900206804275513,
    0.6787555813789368,
    0.6997362375259399,
    0.7203959822654724,
    0.707272469997406,
    0.6583161354064941,
    0.7026947140693665,
    0.6880189776420593,
    0.6824073195457458,
    0.6989118456840515,
    0.681843638420105,
    0.6899532079696655,
    0.7013787031173706,
    0.698319673538208,
    0.6744488477706909,
    0.6824417114257812,
    0.6773232817649841,
    0.6711595058441162,
    0.6943725347518921,
    0.6822406649589539,
    0.7064394950866699,
    0.6759516000747681,
    0.7099912762641907,
    0.6946365237236023,
    0.7225305438041687,
    0.702780544757843,
    0.6889435648918152,
    0.6968550682067871,
    0.6987102627754211,
    0.6977229118347168,
    0.6898578405380249,
    0.6943473815917969,
    0.6942165493965149,
    0.6873597502708435,
    0.6862399578094482,
    0.6910970211029053,
    0.6920979022979736,
    0.684441328048706,
    0.6887375712394714,
    0.6878801584243774,
    0.6909593343734741,
    0.6940916180610657,
    0.6903645396232605,
    0.6926386952400208,
    0.7043083906173706,
    0.6927861571311951,
    0.691474974155426,
    0.6935174465179443,
    0.6963633894920349,
    0.6902353167533875,
    0.6881046891212463,
    0.6871692538261414,
    0.6838585734367371,
    0.6851381063461304,
    0.6848657727241516,
    0.6853906512260437,
    0.681485652923584,
    0.6810809969902039,
    0.6846071481704712,
    0.6929877400398254,
    0.7016664147377014,
    0.6744233965873718,
    0.684971034526825,
    0.6877422332763672,
    0.6916612982749939,
    0.6740743517875671,
    0.6741553544998169,
    0.6746950745582581,
    0.668443500995636,
    0.6675437092781067,
    0.6835626363754272,
    0.6867935061454773,
    0.6797725558280945,
    0.6541318297386169,
    0.6887184381484985,
    0.6829798817634583,
    0.6970034837722778,
    0.6738335490226746,
    0.692894458770752,
    0.6787331104278564,
    0.6921787858009338,
    0.7015172839164734,
    0.6967822313308716,
    0.7068691253662109,
    0.682880163192749,
    0.6708780527114868,
    0.6869768500328064,
    0.6988893151283264,
    0.6546202301979065,
    0.689281165599823,
    0.6754744052886963,
    0.6893680691719055,
    0.6873476505279541,
    0.6690477728843689,
    0.7051327228546143,
    0.6745731234550476,
    0.6747973561286926,
    0.6726248860359192,
    0.6716952323913574,
    0.6713370680809021,
    0.682278573513031,
    0.6718397736549377,
    0.673336923122406,
    0.6678253412246704,
    0.6596794724464417,
    0.6779574751853943,
    0.6645216941833496,
    0.672722339630127,
    0.6667316555976868,
    0.6862610578536987,
    0.6757590770721436,
    0.6775141954421997,
    0.6736918091773987,
    0.6769397854804993,
    0.6415615081787109,
    0.6844544410705566,
    0.6491784453392029,
    0.6701878309249878,
    0.6610944271087646,
    0.6747395992279053,
    0.6524240374565125,
    0.6669055223464966,
    0.6624395847320557,
    0.6749881505966187,
    0.6565380096435547,
    0.7256229519844055,
    0.6632286906242371,
    0.6781810522079468,
    0.672564685344696,
    0.6779163479804993,
    0.6637025475502014,
    0.6816593408584595,
    0.6875702738761902,
    0.6848092675209045,
    0.6739526391029358,
    0.6561208367347717
  ],