{
  "seed_index": 2,
  "seed_value": 1236,
  "test_accuracy": 0.6005,
  "loss_history": [
    0.7895940542221069,
    0.718343198299408,
    0.7418533563613892,
    0.6815332174301147,
    0.7274014949798584,
    0.7683045268058777,
    0.8217065930366516,
    0.6919538378715515,
    0.7764800786972046,
    0.7338297367095947,
    0.714455246925354,
    0.6641371846199036,
    0.7362973690032959,
    0.6785411834716797,
    0.673412561416626,
    0.7048900723457336,
    0.7121930718421936,
    0.7008224725723267,
    0.6975866556167603,
    0.6934503316879272,
    0.6931591033935547,
    0.6996735334396362,
    0.7075048089027405,
    0.7021498084068298,
    0.6955072283744812,
    0.6862645149230957,
    0.701572597026825,
    0.6907510161399841,
    0.690390944480896,
    0.6787886023521423,
    0.686520516872406,
    0.6915529370307922,
    0.6987255811691284,
    0.6839776635169983,
    0.7002274990081787,
    0.6839190721511841,
    0.7021467685699463,
    0.6962560415267944,
    0.6819474101066589,
    0.6827204823493958,
    0.6860119700431824,
    0.7014078497886658,
    0.6808269619941711,
    0.6920285224914551,
    0.7025759220123291,
    0.7126081585884094,
    0.6960806250572205,
    0.6911838054656982,
    0.713121771812439,
    0.7060366272926331,
    0.6932489275932312,
    0.7009086012840271,
    0.6896958947181702,
    0.6928572654724121,
    0.6958351731300354,
    0.6946220397949219,
    0.6913923025131226,
    0.6972200870513916,
    0.6973527669906616,
    0.6958170533180237,
    0.6964772939682007,
    0.6962271332740784,
    0.6911914944648743,
    0.6865229606628418,
    0.6904299259185791,
    0.6901801228523254,
    0.6876774430274963,
    0.6878165602684021,
    0.6887951493263245,
    0.6954509615898132,
    0.6972530484199524,
    0.6979103088378906,
    0.6962751746177673,
    0.6831363439559937,
    0.6919340491294861,
    0.6906091570854187,
    0.6880343556404114,
    0.6869202256202698,
    0.6873496174812317,
    0.689807116985321,
    0.687278687953949,
    0.690504252910614,
    0.6885402202606201,
    0.6936858296394348,
    0.6848170757293701,
    0.6883025169372559,
    0.6871766448020935,
    0.6867984533309937,
    0.6875340938568115,
    0.6880250573158264,
    0.6876376271247864,
    0.6862999796867371,
    0.6861520409584045,
    0.6864033341407776,
    0.6873899698257446,
    0.6875209212303162,
    0.6826409697532654,
    0.6837902665138245,
    0.6837326884269714,
    0.6904177069664001,
    0.6708952188491821,
    0.6845155358314514,
    0.6784433126449585,
    0.6991275548934937,
    0.6890112161636353,
    0.6917719841003418,
    0.6922585368156433,
    0.6848890781402588,
    0.6842098236083984,
    0.6753968596458435,
    0.6961647868156433,
    0.681864321231842,
    0.6980403065681458,
    0.6854773163795471,
    0.6763373017311096,
    0.6695177555084229,
    0.6793946623802185,
    0.6847324371337891,
    0.679716169834137,
    0.6818588376045227,
    0.6841284036636353,
    0.6832062005996704,
    0.6749314665794373,
    0.6779115200042725,
    0.680772066116333,
    0.6773996949195862,
    0.6800993084907532,
    0.6779434084892273,
    0.6802555918693542,
    0.680915892124176,
    0.6778425574302673,
    0.6804766058921814,
    0.6812692284584045,
    0.673787534236908,
    0.6703475713729858,
    0.6800932884216309,
    0.6751339435577393,
    0.6817651987075806,
    0.676139771938324,
    0.6819853186607361,
    0.6749398112297058,
    0.6755641102790833,
    0.6709733605384827,
    0.6689666509628296,
    0.6708329916000366,
    0.6732008457183838,
    0.671815037727356,
    0.6744049787521362,
    0.6677795648574829,
    0.6700576543807983,
    0.6703745126724243,
    0.6660281419754028,
    0.6673173308372498,
    0.6705891489982605,
    0.6697219610214233,
    0.6749536395072937,
    0.670103907585144,
    0.6675965189933777,
    0.6693035364151001,
    0.6652535200119019,
    0.6596925854682922,
    0.6607731580734253,
    0.6621960997581482,
    0.6622987985610962,
    0.6657314896583557,
    0.6723635792732239,
    0.6630947589874268,
    0.6651120185852051,
    0.6605861186981201,
    0.6518214344978333,
    0.6526581048965454,
    0.6534776091575623,
    0.645219624042511,
    0.6462792158126831,
    0.6486101746559143,
    0.6708441376686096,
    0.6573140621185303,
    0.6645012497901917,
    0.6320151686668396,
    0.6499155163764954,
    0.631391704082489,
    0.647074818611145,
    0.6606224179267883,
    0.6586947441101074,
    0.6327272653579712,
    0.6240484118461609,
    0.6606045365333557,
    0.6231217384338379,
    0.6168491244316101,
    0.6515429019927979,
    0.6351956725120544,
    0.5789239406585693,
    0.6457736492156982,
    0.6633610725402832,
    0.6371417045593262,
    0.6496873497962952,
    0.606299638748169,
    0.6251529455184937,
    0.591708779335022,
    0.6610968112945557
  ],
  "accuracy_history": [
    0.5,
    0.5,
    0.5,
    0.5,
    0.5,
    0.5,
    0.5,
    0.5,
    0.5,
    0.5,
    0.5,
    0.5,
    0.5,
    0.5,
    0.5,
    0.5,
    0.5,
    0.5,
    0.5,
    0.491,
    0.5,
    0.5,
    0.5,
    0.5,
    0.5,
    0.5,
    0.5,
    0.5,
    0.5,
    0.5,
    0.5,
    0.5,
    0.5,
    0.5,
    0.5,
    0.5,
    0.5,
    0.5,
    0.5,
    0.5,
    0.5,
    0.5,
    0.5,
    0.5,
    0.5,
    0.5,
    0.5,
    0.5,
    0.5,
    0.5,
    0.5,
    0.5005,
    0.7,
    0.509,
    0.4995,
    0.5,
    0.5,
    0.5,
    0.5,
    0.5,
    0.4995,
    0.5215,
    0.6545,
    0.72,
    0.7115,
    0.5915,
    0.519,
    0.5005,
    0.5,
    0.5,
    0.5,
    0.5,
    0.5,
    0.5,
    0.5,
    0.5,
    0.5005,
    0.501,
    0.5015,
    0.5015,
    0.5025,
    0.5035,
    0.5075,
    0.5485,
    0.5665,
    0.6035,
    0.7075,
    0.7725,
    0.8235,
    0.824,
    0.8225,
    0.821,
    0.8315,
    0.822,
    0.717,
    0.6165,
    0.5345,
    0.502,
    0.5005,
    0.5,
    0.5,
    0.5,
    0.5,
    0.5,
    0.5,
    0.5,
    0.5,
    0.5,
    0.5,
    0.5,
    0.5,
    0.5,
    0.5005,
    0.5045,
    0.5285,
    0.5335,
    0.53,
    0.54,
    0.5475,
    0.5915,
    0.64,
    0.72,
    0.7435,
    0.7695,
    0.807,
    0.835,
    0.8795,
    0.8955,
    0.8985,
    0.8725,
    0.8425,
    0.8215,
    0.7915,
    0.745,
    0.6695,
    0.67,
    0.672,
    0.7585,
    0.826,
    0.9005,
    0.917,
    0.907,
    0.9055,
    0.8935,
    0.8645,
    0.8675,
    0.842,
    0.8245,
    0.815,
    0.799,
    0.8005,
    0.7995,
    0.7685,
    0.7935,
    0.7975,
    0.824,
    0.8605,
    0.881,
    0.8975,
    0.9125,
    0.918,
    0.9235,
    0.9225,
    0.911,
    0.907,
    0.9125,
    0.9175,
    0.919,
    0.9205,
    0.916,
    0.902,
    0.885,
    0.8375,
    0.7455,
    0.6305,
    0.591,
    0.562,
    0.558,
    0.546,
    0.545,
    0.527,
    0.524,
    0.5415,
    0.5855,
    0.6195,
    0.6305,
    0.65,
    0.64,
    0.5835,
    0.5545,
    0.5445,
    0.5075,
    0.501,
    0.501,
    0.504,
    0.519,
    0.537,
    0.5535,
    0.5555,
    0.6005
  ]
}