{
  "seed_index": 3,
  "seed_value": 1237,
  "test_accuracy": 0.948,
  "loss_history": [
    0.7876757979393005,
    0.778965175151825,
    0.7409027218818665,
    0.7596218585968018,
    0.6529514193534851,
    0.7663187384605408,
    0.7153864502906799,
    0.6519285440444946,
    0.6725596785545349,
    0.6558502912521362,
    0.7487490177154541,
    0.7697784900665283,
    0.6732919812202454,
    0.7397311925888062,
    0.6630576252937317,
    0.6923102736473083,
    0.7345893979072571,
    0.6903329491615295,
    0.6730878949165344,
    0.6798624396324158,
    0.6654672026634216,
    0.6905672550201416,
    0.6944710612297058,
    0.6795498728752136,
    0.6899816989898682,
    0.6934694051742554,
    0.6808329224586487,
    0.6888046264648438,
    0.681094765663147,
    0.6905853152275085,
    0.6999219655990601,
    0.6785640120506287,
    0.6751149892807007,
    0.6920316219329834,
    0.6780145168304443,
    0.6920718550682068,
    0.6771742105484009,
    0.6817381381988525,
    0.6835583448410034,
    0.687004029750824,
    0.679751455783844,
    0.6802995800971985,
    0.6864901781082153,
    0.6905604600906372,
    0.7064307332038879,
    0.6864755749702454,
    0.723935067653656,
    0.6751129627227783,
    0.6812975406646729,
    0.6879845261573792,
    0.6819818019866943,
    0.6596469283103943,
    0.6748916506767273,
    0.7044602036476135,
    0.6936531066894531,
    0.6711243391036987,
    0.6904392242431641,
    0.7006279826164246,
    0.6987705826759338,
    0.6866209506988525,
    0.6865454912185669,
    0.6805709004402161,
    0.6843340992927551,
    0.6785798072814941,
    0.6824371218681335,
    0.680189847946167,
    0.6815375685691833,
    0.6748175621032715,
    0.6761050224304199,
    0.6797853112220764,
    0.6898437738418579,
    0.6700286269187927,
    0.6851283311843872,
    0.6857938170433044,
    0.6877443194389343,
    0.6756270527839661,
    0.6767394542694092,
    0.6738824248313904,
    0.6837948560714722,
    0.6826725602149963,
    0.6729092597961426,
    0.6807743906974792,
    0.6706603169441223,
    0.6790351271629333,
    0.6788990497589111,
    0.6732488870620728,
    0.6725610494613647,
    0.675309956073761,
    0.6737290024757385,
    0.6760226488113403,
    0.6718732714653015,
    0.666198194026947,
    0.6704992055892944,
    0.6673099398612976,
    0.668956458568573,
    0.6680471897125244,
    0.666547954082489,
    0.6582235097885132,
    0.6643873453140259,
    0.6588993668556213,
    0.6578497886657715,
    0.6519339680671692,
    0.6479699611663818,
    0.6563724279403687,
    0.6467611193656921,
    0.6446669697761536,
    0.6292486190795898,
    0.6683266162872314,
    0.6388776898384094,
    0.6558011770248413,
    0.6549897193908691,
    0.7135528326034546,
    0.6437962055206299,
    0.6476152539253235,
    0.5950198173522949,
    0.6828562021255493,
    0.6805272102355957,
    0.6766417026519775,
    0.6521821618080139,
    0.6584586501121521,
    0.6547384858131409,
    0.6705523133277893,
    0.6368316411972046,
    0.626840353012085,
    0.6328210830688477,
    0.6403059959411621,
    0.6453813910484314,
    0.6422435641288757,
    0.6292499899864197,
    0.6320868730545044,
    0.6371058821678162,
    0.6116235256195068,
    0.6349858641624451,
    0.6389855742454529,
    0.6112779378890991,
    0.6209062337875366,
    0.6314151883125305,
    0.6315622329711914,
    0.6448203921318054,
    0.6204755306243896,
    0.6145714521408081,
    0.5996143817901611,
    0.6109917759895325,
    0.6139557361602783,
    0.606670081615448,
    0.602736234664917,
    0.6116493344306946,
    0.6208852529525757,
    0.5962836146354675,
    0.5738263130187988,
    0.6066516041755676,
    0.5957664251327515,
    0.5788701772689819,
    0.5718451142311096,
    0.5999310612678528,
    0.5787009596824646,
    0.6024410128593445,
    0.6092177629470825,
    0.5600663423538208,
    0.5967890024185181,
    0.5783572793006897,
    0.579436719417572,
    0.570472240447998,
    0.5821474194526672,
    0.5750271081924438,
    0.5651956796646118,
    0.5457056760787964,
    0.5479967594146729,
    0.5465908646583557,
    0.5478456616401672,
    0.5325708389282227,
    0.5369361042976379,
    0.5298924446105957,
    0.5505157709121704,
    0.5338361859321594,
    0.5205508470535278,
    0.5666964054107666,
    0.5409696698188782,
    0.5492732524871826,
    0.5301145315170288,
    0.5384538769721985,
    0.5714860558509827,
    0.5076967477798462,
    0.5266580581665039,
    0.5072298645973206,
    0.501894474029541,
    0.5334217548370361,
    0.5104324817657471,
    0.5327054858207703,
    0.5499169826507568,
    0.5368910431861877,
    0.5034751296043396,
    0.4900680482387543,
    0.5099349021911621,
    0.4983201324939728,
    0.48051750659942627,
    0.5209090709686279,
    0.49445557594299316,
    0.4869593679904938,
    0.47450336813926697
  ],
  "accuracy_history": [
    0.5,
    0.5,
    0.5,
    0.5,
    0.5,
    0.5,
    0.5,
    0.5,
    0.5,
    0.5,
    0.5,
    0.5,
    0.5,
    0.5,
    0.5,
    0.5,
    0.5,
    0.5,
    0.5,
    0.5,
    0.5,
    0.5,
    0.5,
    0.5,
    0.5,
    0.5005,
    0.5005,
    0.5005,
    0.5005,
    0.5,
    0.5005,
    0.5005,
    0.5,
    0.5,
    0.5,
    0.5,
    0.5,
    0.5,
    0.5,
    0.5,
    0.5,
    0.5,
    0.5,
    0.5,
    0.5,
    0.5,
    0.5,
    0.5,
    0.5,
    0.5,
    0.5,
    0.5,
    0.5,
    0.5,
    0.5,
    0.5,
    0.5,
    0.501,
    0.5095,
    0.553,
    0.65,
    0.736,
    0.7845,
    0.8005,
    0.7775,
    0.719,
    0.713,
    0.6715,
    0.6285,
    0.5985,
    0.5975,
    0.5845,
    0.579,
    0.5815,
    0.5905,
    0.5915,
    0.5955,
    0.588,
    0.5875,
    0.605,
    0.6145,
    0.65,
    0.6825,
    0.731,
    0.7965,
    0.859,
    0.8235,
    0.8095,
    0.8315,
    0.873,
    0.885,
    0.8875,
    0.8865,
    0.8875,
    0.884,
    0.886,
    0.882,
    0.856,
    0.8295,
    0.778,
    0.705,
    0.6425,
    0.5975,
    0.573,
    0.565,
    0.55,
    0.54,
    0.5355,
    0.532,
    0.5285,
    0.5265,
    0.5275,
    0.529,
    0.5325,
    0.5305,
    0.5325,
    0.536,
    0.5415,
    0.552,
    0.5745,
    0.624,
    0.705,
    0.7995,
    0.8405,
    0.88,
    0.913,
    0.933,
    0.94,
    0.941,
    0.94,
    0.9375,
    0.938,
    0.938,
    0.94,
    0.942,
    0.946,
    0.945,
    0.946,
    0.945,
    0.943,
    0.945,
    0.945,
    0.947,
    0.947,
    0.9455,
    0.946,
    0.945,
    0.9455,
    0.9455,
    0.9455,
    0.9455,
    0.9435,
    0.944,
    0.9415,
    0.9405,
    0.9385,
    0.939,
    0.9405,
    0.941,
    0.941,
    0.9415,
    0.9425,
    0.9455,
    0.946,
    0.9445,
    0.946,
    0.9455,
    0.946,
    0.9455,
    0.9455,
    0.945,
    0.944,
    0.9455,
    0.947,
    0.946,
    0.9455,
    0.9455,
    0.946,
    0.945,
    0.9445,
    0.9425,
    0.9425,
    0.9425,
    0.9435,
    0.9455,
    0.946,
    0.9475,
    0.9445,
    0.942,
    0.9385,
    0.9415,
    0.9415,
    0.9455,
    0.948,
    0.951,
    0.948,
    0.9475,
    0.9465,
    0.947,
    0.948
  ]
}