{
  "seed_index": 1,
  "seed_value": 1235,
  "test_accuracy": 0.761,
  "loss_history": [
    0.6844016909599304,
    0.7079939842224121,
    0.6982653737068176,
    0.7038886547088623,
    0.7148151397705078,
    0.7150129079818726,
    0.6840800642967224,
    0.7077172994613647,
    0.712357759475708,
    0.7143549919128418,
    0.6824720501899719,
    0.7066170573234558,
    0.7009865045547485,
    0.7201483845710754,
    0.7211672067642212,
    0.7300119996070862,
    0.7048525214195251,
    0.7076923251152039,
    0.7007049322128296,
    0.6964313983917236,
    0.6857788562774658,
    0.6940184235572815,
    0.6952669620513916,
    0.71323561668396,
    0.6974766254425049,
    0.6985732913017273,
    0.6945073008537292,
    0.705833375453949,
    0.691754937171936,
    0.7010477185249329,
    0.7026336193084717,
    0.7063617706298828,
    0.7076138257980347,
    0.7042967081069946,
    0.7037020921707153,
    0.7050754427909851,
    0.6956324577331543,
    0.7048013210296631,
    0.7108938097953796,
    0.7028107643127441,
    0.6948195099830627,
    0.7157061100006104,
    0.7078855633735657,
    0.7039058804512024,
    0.6919042468070984,
    0.6897891759872437,
    0.6960868835449219,
    0.6942713856697083,
    0.6975613236427307,
    0.6991481184959412,
    0.696083664894104,
    0.6959137916564941,
    0.6978005766868591,
    0.7042385339736938,
    0.6959898471832275,
    0.694002091884613,
    0.6998165845870972,
    0.691713273525238,
    0.6885984539985657,
    0.6961454749107361,
    0.6970328688621521,
    0.6918038725852966,
    0.698977530002594,
    0.7010241746902466,
    0.6945403218269348,
    0.6998346447944641,
    0.7023211717605591,
    0.6942564249038696,
    0.7007419466972351,
    0.7050405740737915,
    0.695187509059906,
    0.7027451992034912,
    0.6980670094490051,
    0.7034288644790649,
    0.6891800165176392,
    0.6979525089263916,
    0.6924464702606201,
    0.7007814049720764,
    0.6924079060554504,
    0.6938266158103943,
    0.6857481598854065,
    0.6931588053703308,
    0.6882379651069641,
    0.684536874294281,
    0.6939250230789185,
    0.6914081573486328,
    0.6861928701400757,
    0.6898831725120544,
    0.6913160085678101,
    0.6981313824653625,
    0.6897820234298706,
    0.6976836919784546,
    0.689289391040802,
    0.6914282441139221,
    0.6910207271575928,
    0.693167507648468,
    0.680128812789917,
    0.6888123154640198,
    0.6905138492584229,
    0.6937422752380371,
    0.6913896203041077,
    0.6750190258026123,
    0.687651515007019,
    0.6916412115097046,
    0.7029626369476318,
    0.6959083080291748,
    0.6788768768310547,
    0.6939618587493896,
    0.6801908612251282,
    0.687574028968811,
    0.6846029758453369,
    0.6963754892349243,
    0.6838037371635437,
    0.6883544325828552,
    0.677102267742157,
    0.6881220936775208,
    0.6801581382751465,
    0.6916460990905762,
    0.6902680993080139,
    0.6818414926528931,
    0.6861302852630615,
    0.6981453895568848,
    0.6868229508399963,
    0.6807845234870911,
    0.7014119625091553,
    0.6854318380355835,
    0.6799741387367249,
    0.6765924692153931,
    0.680432915687561,
    0.6807501912117004,
    0.6832984685897827,
    0.6976746320724487,
    0.6957385540008545,
    0.6895631551742554,
    0.6805825233459473,
    0.6990734934806824,
    0.7044473886489868,
    0.6775316596031189,
    0.678882360458374,
    0.6857151985168457,
    0.683779776096344,
    0.6797804832458496,
    0.6770182847976685,
    0.6839776039123535,
    0.6910926699638367,
    0.6754717826843262,
    0.6826168894767761,
    0.6801846027374268,
    0.6900573968887329,
    0.6859409213066101,
    0.680891215801239,
    0.6791995763778687,
    0.6852725744247437,
    0.6843387484550476,
    0.6770963072776794,
    0.6806811690330505,
    0.68779456615448,
    0.680844247341156,
    0.6803902387619019,
    0.680446445941925,
    0.6827311515808105,
    0.6791812181472778,
    0.67705237865448,
    0.684596836566925,
    0.6761925220489502,
    0.6773472428321838,
    0.6883174180984497,
    0.6887350678443909,
    0.6821002960205078,
    0.6771951913833618,
    0.6743066310882568,
    0.6810452938079834,
    0.6865131855010986,
    0.6820104718208313,
    0.673583984375,
    0.6860522627830505,
    0.6818485856056213,
    0.6710664629936218,
    0.6887664794921875,
    0.6884869933128357,
    0.6832230091094971,
    0.6746258735656738,
    0.6789602041244507,
    0.6742332577705383,
    0.6846372485160828,
    0.6747792959213257,
    0.6787548065185547,
    0.6774095892906189,
    0.6720896363258362,
    0.6649728417396545,
    0.6790751814842224,
    0.6747894287109375,
    0.6763883233070374,
    0.670591413974762,
    0.6754333972930908,
    0.6711990237236023,
    0.6647014021873474,
    0.6671234369277954,
    0.6719448566436768,
    0.6710855960845947
  ],
  "accuracy_history": [
    0.4905,
    0.4935,
    0.494,
    0.4955,
    0.495,
    0.4955,
    0.496,
    0.496,
    0.4965,
    0.496,
    0.496,
    0.496,
    0.496,
    0.496,
    0.4935,
    0.4925,
    0.491,
    0.4875,
    0.4815,
    0.479,
    0.4795,
    0.4805,
    0.4805,
    0.4805,
    0.481,
    0.481,
    0.4815,
    0.4815,
    0.482,
    0.4815,
    0.4815,
    0.482,
    0.482,
    0.4825,
    0.48,
    0.4795,
    0.4795,
    0.48,
    0.4775,
    0.4715,
    0.472,
    0.466,
    0.4575,
    0.4515,
    0.444,
    0.4335,
    0.429,
    0.4305,
    0.431,
    0.431,
    0.43,
    0.4295,
    0.43,
    0.428,
    0.4295,
    0.433,
    0.4435,
    0.4455,
    0.4485,
    0.451,
    0.4515,
    0.454,
    0.4575,
    0.4585,
    0.4595,
    0.464,
    0.4665,
    0.474,
    0.4745,
    0.4765,
    0.4785,
    0.4795,
    0.4795,
    0.4845,
    0.4915,
    0.493,
    0.497,
    0.505,
    0.5065,
    0.509,
    0.5135,
    0.513,
    0.513,
    0.518,
    0.52,
    0.5225,
    0.5275,
    0.5295,
    0.5355,
    0.535,
    0.5365,
    0.538,
    0.5405,
    0.543,
    0.545,
    0.549,
    0.5505,
    0.5505,
    0.5525,
    0.5555,
    0.558,
    0.554,
    0.5525,
    0.55,
    0.5495,
    0.5525,
    0.552,
    0.5575,
    0.5575,
    0.5545,
    0.5525,
    0.5525,
    0.5525,
    0.5535,
    0.5535,
    0.5555,
    0.558,
    0.5595,
    0.56,
    0.558,
    0.559,
    0.5635,
    0.5645,
    0.5655,
    0.572,
    0.581,
    0.585,
    0.587,
    0.588,
    0.59,
    0.5915,
    0.596,
    0.6055,
    0.613,
    0.617,
    0.6245,
    0.6275,
    0.632,
    0.6425,
    0.649,
    0.6545,
    0.6575,
    0.658,
    0.6565,
    0.665,
    0.6675,
    0.67,
    0.6715,
    0.6765,
    0.678,
    0.679,
    0.6745,
    0.678,
    0.681,
    0.6855,
    0.6875,
    0.694,
    0.7005,
    0.7015,
    0.703,
    0.7045,
    0.7025,
    0.7055,
    0.7065,
    0.703,
    0.701,
    0.7,
    0.6955,
    0.695,
    0.6945,
    0.6915,
    0.686,
    0.6875,
    0.691,
    0.691,
    0.6945,
    0.699,
    0.699,
    0.7045,
    0.708,
    0.72,
    0.724,
    0.7295,
    0.7335,
    0.737,
    0.7385,
    0.7405,
    0.741,
    0.744,
    0.7455,
    0.7495,
    0.752,
    0.7535,
    0.753,
    0.7545,
    0.7575,
    0.758,
    0.7595,
    0.7585,
    0.761
  ]
}