{
  "classes": [
    0,
    1,
    2,
    3
  ],
  "n_available": 24754,
  "max_samples": 160,
  "n_used": 160,
  "n_train": 80,
  "n_test": 80,
  "n_components": 8,
  "n_shots": 1000,
  "n_repeats": 10,
  "acc_mean": 0.8850000000000001,
  "acc_std": 0.03905124837953326,
  "ml_acc_mean": 0.8825,
  "ml_acc_std": 0.04153311931459036,
  "c_acc_mean": 0.8787499999999999,
  "c_acc_std": 0.039941363271676154,
  "dist_ratios_cirq": [
    1.0
  ],
  "dist_ratios_merlin": [
    1.0
  ],
  "predictions": {
    "y_true": [
      1,
      2,
      3,
      0,
      3,
      2,
      0,
      3,
      3,
      0,
      1,
      3,
      1,
      1,
      0,
      2,
      3,
      1,
      3,
      2,
      3,
      1,
      2,
      1,
      1,
      3,
      1,
      3,
      1,
      3,
      2,
      0,
      3,
      3,
      1,
      0,
      2,
      2,
      2,
      0,
      2,
      2,
      1,
      2,
      0,
      0,
      0,
      0,
      1,
      2,
      1,
      1,
      2,
      3,
      2,
      2,
      0,
      1,
      2,
      3,
      3,
      3,
      1,
      0,
      0,
      0,
      1,
      0,
      1,
      0,
      1,
      2,
      3,
      1,
      1,
      3,
      0,
      2,
      0,
      3
    ],
    "y_pred_classical": [
      1,
      2,
      3,
      0,
      3,
      2,
      0,
      3,
      3,
      0,
      1,
      3,
      1,
      1,
      0,
      1,
      3,
      1,
      3,
      1,
      3,
      1,
      2,
      1,
      1,
      3,
      1,
      3,
      1,
      3,
      2,
      0,
      3,
      3,
      1,
      0,
      2,
      2,
      2,
      0,
      1,
      2,
      1,
      2,
      0,
      0,
      2,
      0,
      1,
      2,
      1,
      1,
      3,
      3,
      2,
      0,
      0,
      1,
      2,
      3,
      3,
      3,
      1,
      0,
      0,
      0,
      1,
      0,
      1,
      0,
      1,
      2,
      3,
      1,
      1,
      3,
      0,
      2,
      0,
      3
    ],
    "y_pred_cirq": [
      1,
      1,
      3,
      0,
      1,
      2,
      0,
      3,
      3,
      0,
      1,
      3,
      1,
      1,
      0,
      2,
      3,
      1,
      3,
      1,
      3,
      1,
      2,
      1,
      1,
      3,
      1,
      3,
      1,
      3,
      2,
      0,
      3,
      3,
      1,
      0,
      3,
      2,
      2,
      0,
      2,
      2,
      1,
      2,
      0,
      0,
      2,
      0,
      1,
      2,
      1,
      1,
      3,
      3,
      2,
      2,
      0,
      1,
      2,
      3,
      3,
      3,
      1,
      0,
      0,
      0,
      1,
      0,
      1,
      0,
      1,
      2,
      3,
      1,
      1,
      3,
      0,
      2,
      0,
      3
    ],
    "y_pred_merlin": [
      1,
      2,
      3,
      0,
      3,
      2,
      0,
      3,
      3,
      0,
      1,
      3,
      1,
      1,
      0,
      2,
      3,
      1,
      3,
      1,
      3,
      1,
      0,
      1,
      1,
      3,
      1,
      3,
      1,
      3,
      2,
      0,
      3,
      3,
      1,
      3,
      3,
      2,
      2,
      0,
      1,
      2,
      1,
      2,
      0,
      0,
      2,
      0,
      1,
      2,
      1,
      1,
      3,
      3,
      2,
      2,
      0,
      1,
      2,
      3,
      3,
      3,
      1,
      0,
      0,
      0,
      1,
      0,
      1,
      0,
      1,
      2,
      3,
      1,
      1,
      3,
      0,
      2,
      0,
      3
    ]
  }
}