{
  "Teacher": {
    "loss": [
      1.9155861024966325,
      1.558831127555779,
      1.4385497813944317,
      1.3700130709906673,
      1.3182824481173854,
      1.2800813029184366,
      1.2533990081466373,
      1.2324726359771037,
      1.2179996084679119,
      1.2026085666073558
    ],
    "train_acc": [
      41.193999999999996,
      48.656,
      51.772,
      53.47,
      55.652,
      57.077999999999996,
      57.372,
      58.386,
      58.79,
      59.262
    ],
    "test_acc": [
      41.44,
      48.42,
      51.29,
      52.66,
      54.58,
      56.49999999999999,
      55.85,
      57.26,
      57.16,
      57.809999999999995
    ]
  },
  "Scratch": {
    "loss": [
      2.188508402508543,
      1.8503496396876966,
      1.6972250555787245,
      1.6297339586650623,
      1.585575261689208,
      1.5562401610567136,
      1.5318389570011812,
      1.511083531105305,
      1.4935521722754554,
      1.4807477809888931
    ],
    "task": [
      2.188508402508543,
      1.8503496396876966,
      1.6972250555787245,
      1.6297339586650623,
      1.585575261689208,
      1.5562401610567136,
      1.5318389570011812,
      1.511083531105305,
      1.4935521722754554,
      1.4807477809888931
    ],
    "distill": [
      0.0,
      0.0,
      0.0,
      0.0,
      0.0,
      0.0,
      0.0,
      0.0,
      0.0,
      0.0
    ],
    "train_acc": [
      26.898,
      33.15,
      36.546,
      38.684000000000005,
      40.194,
      41.812,
      42.858000000000004,
      43.016,
      43.896,
      44.330000000000005
    ],
    "test_acc": [
      27.1,
      33.52,
      36.809999999999995,
      39.09,
      40.17,
      42.15,
      42.84,
      43.16,
      43.65,
      44.3
    ]
  },
  "KD": {
    "loss": [
      2.6612037084901425,
      2.2588923309770084,
      2.0833294679746603,
      1.9279442193258145,
      1.8210957841495115,
      1.7706524562042998,
      1.7424277841587505,
      1.7196783258786896,
      1.70321885353464,
      1.6922507542173575
    ],
    "task": [
      2.125200010016751,
      1.854753778871063,
      1.7345254567578017,
      1.6304259195047266,
      1.5562302938964971,
      1.5192036393963162,
      1.497790845001445,
      1.4789486603663706,
      1.4659766695078682,
      1.4567673066083122
    ],
    "distill": [
      0.5360036964916512,
      0.4041385553072176,
      0.34880401218867363,
      0.2975182963149322,
      0.26486549057695263,
      0.2514488189993307,
      0.2446369379187179,
      0.24072966625547165,
      0.23724218465559319,
      0.2354834459512435
    ],
    "train_acc": [
      27.855999999999998,
      32.76,
      36.03,
      40.477999999999994,
      42.327999999999996,
      44.038,
      43.419999999999995,
      44.67,
      45.626,
      45.912
    ],
    "test_acc": [
      27.52,
      32.440000000000005,
      35.89,
      39.72,
      41.83,
      42.8,
      42.52,
      44.019999999999996,
      44.16,
      44.58
    ]
  },
  "RKD": {
    "loss": [
      2.0568598516456915,
      1.726038236904632,
      1.6185049554880928,
      1.5569228260108576,
      1.5111951029209225,
      1.4823054744459478,
      1.4613834502142105,
      1.4437318009793605,
      1.429257376724497,
      1.4188425298542013
    ],
    "task": [
      2.02747310366472,
      1.704550071293131,
      1.599187184172823,
      1.5392203771549722,
      1.49440123937319,
      1.4658009431246297,
      1.444992032349872,
      1.4274929039313664,
      1.4131135940551758,
      1.4027310250055454
    ],
    "distill": [
      0.02938674554905242,
      0.021488165082719626,
      0.01931777117354676,
      0.01770244721832978,
      0.01679386191851343,
      0.016504531867964113,
      0.01639141674008211,
      0.016238898213933723,
      0.016143781689169537,
      0.0161115068196774
    ],
    "train_acc": [
      32.7,
      39.084,
      42.296,
      44.138,
      45.368,
      45.766,
      46.604,
      47.33,
      47.852,
      47.410000000000004
    ],
    "test_acc": [
      33.239999999999995,
      39.26,
      42.58,
      44.47,
      44.99,
      45.43,
      46.21,
      46.150000000000006,
      47.199999999999996,
      46.660000000000004
    ]
  },
  "QRKD-simple": {
    "loss": [
      2.5116985482937846,
      2.037745392383517,
      1.8877803636024066,
      1.801908964238813,
      1.7445992641436778,
      1.7033314814652933,
      1.6733748484450532,
      1.6465842370182047,
      1.6294868809487812,
      1.6142159948873398
    ],
    "task": [
      2.0004644325322203,
      1.6806514901883156,
      1.5791460205526913,
      1.520549069889976,
      1.4801838152548845,
      1.4514614523524214,
      1.43066290348692,
      1.4110509837070084,
      1.3980677123264889,
      1.3858603921997579
    ],
    "distill": [
      0.5112341169810966,
      0.357093900594565,
      0.3086343432593224,
      0.28135989236709713,
      0.26441544938422834,
      0.2518700286174369,
      0.24271194208079896,
      0.2355332540543488,
      0.2314191684317406,
      0.22835560116316655
    ],
    "train_acc": [
      33.822,
      40.638000000000005,
      43.458000000000006,
      44.062,
      45.742,
      46.04,
      47.052,
      46.926,
      48.028,
      48.634
    ],
    "test_acc": [
      34.25,
      40.949999999999996,
      43.43,
      44.13,
      45.76,
      46.300000000000004,
      46.800000000000004,
      46.67,
      47.589999999999996,
      47.93
    ]
  },
  "QRKD-merlin": {
    "loss": [
      2.5088439876466153,
      2.018355702195326,
      1.8635231921130129,
      1.7846573002807928,
      1.7339369358918857,
      1.6939137690817303,
      1.6685039782158249,
      1.6413424039435813,
      1.624756037274285,
      1.609062749711449
    ],
    "task": [
      1.99992209489998,
      1.668947702021245,
      1.563206271442306,
      1.510181746214552,
      1.474124204014878,
      1.4447038977042488,
      1.4268278517686497,
      1.4064549061343492,
      1.3946984044426238,
      1.382377446459992
    ],
    "distill": [
      0.5089218931658493,
      0.34940800242259373,
      0.30031692280488853,
      0.27447555259899103,
      0.2598127325629944,
      0.24920986909085832,
      0.24167612608512648,
      0.23488749887632288,
      0.2300576330793788,
      0.22668530458532027
    ],
    "train_acc": [
      33.967999999999996,
      41.082,
      43.566,
      44.738,
      45.623999999999995,
      46.936,
      46.61,
      48.038,
      47.624,
      48.882
    ],
    "test_acc": [
      33.900000000000006,
      41.36,
      43.97,
      44.83,
      45.94,
      46.86,
      46.14,
      47.3,
      47.3,
      48.11
    ]
  }
}