{
  "Teacher": {
    "loss": [
      0.44299982454000253,
      0.13472903620547005,
      0.10487934097306116,
      0.09036950422311897,
      0.07941937189090496,
      0.07176726046445242,
      0.06604859553292883,
      0.06301913858524887,
      0.058127962659968974,
      0.05532656948820356
    ],
    "train_acc": [
      95.09,
      96.74666666666667,
      97.095,
      97.695,
      97.98,
      98.11166666666666,
      98.175,
      97.955,
      98.38666666666667,
      98.50666666666666
    ],
    "test_acc": [
      95.42,
      96.89,
      97.39999999999999,
      97.71,
      97.89999999999999,
      97.98,
      98.05,
      98.09,
      98.34,
      98.34
    ]
  },
  "Scratch": {
    "loss": [
      1.9858724155914047,
      1.448951806849254,
      1.1909248325616313,
      0.7891992124985022,
      0.5660560814492992,
      0.44277207629639964,
      0.38836763770595545,
      0.3555431812683911,
      0.33439372377450277,
      0.31840550202105855
    ],
    "task": [
      1.9858724155914047,
      1.448951806849254,
      1.1909248325616313,
      0.7891992124985022,
      0.5660560814492992,
      0.44277207629639964,
      0.38836763770595545,
      0.3555431812683911,
      0.33439372377450277,
      0.31840550202105855
    ],
    "distill": [
      0.0,
      0.0,
      0.0,
      0.0,
      0.0,
      0.0,
      0.0,
      0.0,
      0.0,
      0.0
    ],
    "train_acc": [
      41.90833333333333,
      49.46333333333333,
      65.58666666666667,
      79.94833333333334,
      86.28333333333333,
      88.41333333333333,
      89.21833333333333,
      90.22666666666666,
      90.80666666666667,
      90.76666666666667
    ],
    "test_acc": [
      42.18,
      49.58,
      66.95,
      79.80000000000001,
      86.33,
      88.75999999999999,
      89.16,
      90.36999999999999,
      90.72,
      90.85
    ]
  },
  "KD": {
    "loss": [
      4.518054427368554,
      2.052896904919956,
      1.5409900910183312,
      1.272199068305843,
      1.1356458137157375,
      1.0527818742464345,
      0.9933300705860927,
      0.9401530131602338,
      0.8972112748668646,
      0.8584134778234241
    ],
    "task": [
      1.3161006229264396,
      0.5282888626302483,
      0.36632967373328423,
      0.30016524496593516,
      0.2633827834098197,
      0.23751093349906047,
      0.21901879784490255,
      0.20246660630149182,
      0.19128133264630398,
      0.1806245314906528
    ],
    "distill": [
      3.2019538064755357,
      1.5246080404151476,
      1.1746604186512515,
      0.9720338212528716,
      0.8722630295036699,
      0.8152709381539684,
      0.7743112724472974,
      0.737686406257056,
      0.7059299408245697,
      0.6777889467696391
    ],
    "train_acc": [
      77.115,
      88.26833333333333,
      90.65833333333333,
      91.42666666666666,
      92.81833333333334,
      93.565,
      93.63,
      94.22833333333334,
      94.45666666666666,
      94.87
    ],
    "test_acc": [
      77.12,
      88.73,
      91.23,
      92.07,
      93.17999999999999,
      94.03,
      94.14,
      94.49,
      94.62,
      95.05
    ]
  },
  "RKD": {
    "loss": [
      1.3072666893445097,
      0.5578034109175841,
      0.40867309006991415,
      0.3381175108269842,
      0.29590027529928986,
      0.26737447360208805,
      0.2486321072239103,
      0.23021795278164878,
      0.21668439216292235,
      0.20349076992349585
    ],
    "task": [
      1.2871414723553891,
      0.5430042772118979,
      0.3941824815230075,
      0.3238789360406302,
      0.28193820425982413,
      0.253510582866445,
      0.23504565328931504,
      0.2168487784331605,
      0.2036032062977044,
      0.19079095440140284
    ],
    "distill": [
      0.02012521761860738,
      0.014799133833767826,
      0.014490607607641072,
      0.014238574957129543,
      0.013962070937198935,
      0.013863890895496871,
      0.013586453772755637,
      0.01336917449543471,
      0.013081185513737995,
      0.012699815607480784
    ],
    "train_acc": [
      82.63666666666667,
      88.92333333333333,
      90.44333333333333,
      91.78333333333333,
      93.32166666666667,
      93.50166666666667,
      93.13166666666667,
      94.15666666666667,
      94.28666666666666,
      94.22666666666667
    ],
    "test_acc": [
      83.44,
      89.2,
      90.82000000000001,
      92.16,
      93.43,
      93.8,
      93.47,
      94.6,
      94.51,
      94.35
    ]
  },
  "QRKD-simple": {
    "loss": [
      4.431388668668296,
      1.9915793234351347,
      1.5077577462709788,
      1.250398305687569,
      1.1233018586503418,
      1.0477964315078914,
      0.9918857563151988,
      0.9415752038137236,
      0.9005844817359818,
      0.8625730584298116
    ],
    "task": [
      1.2816335185567962,
      0.4930391418082373,
      0.3440967249566876,
      0.2848209269257433,
      0.24991250023253755,
      0.22781173780020367,
      0.21101633145579143,
      0.19605705886880662,
      0.18562135518963402,
      0.1758494394968377
    ],
    "distill": [
      3.149755152939225,
      1.498540182993102,
      1.1636610212864906,
      0.9655773776934854,
      0.8733893571250728,
      0.8199846925638886,
      0.780869426249441,
      0.7455181454671725,
      0.7149631272373932,
      0.6867236200489724
    ],
    "train_acc": [
      79.9,
      88.86666666666667,
      91.13,
      91.675,
      93.20833333333334,
      93.78999999999999,
      93.87333333333333,
      94.545,
      94.67333333333333,
      95.18333333333334
    ],
    "test_acc": [
      80.10000000000001,
      89.41,
      91.88,
      92.16,
      93.54,
      94.1,
      94.49,
      94.89,
      95.09,
      95.39
    ]
  },
  "QRKD-merlin": {
    "loss": [
      4.429330012056111,
      1.9769109159644478,
      1.5018061699389396,
      1.248713479748667,
      1.1185583833819512,
      1.0392104787613028,
      0.9802180859071614,
      0.9332073931373767,
      0.8925098114049257,
      0.8553384351832017
    ],
    "task": [
      1.2837821911138767,
      0.49031426406491285,
      0.3425468309268133,
      0.28554042873145546,
      0.24890541473328115,
      0.22646137183980902,
      0.2083193636251125,
      0.19577960442425982,
      0.18405433384173397,
      0.1753314206861198
    ],
    "distill": [
      3.1455478182733696,
      1.486596649008265,
      1.1592593389406387,
      0.9631730511244426,
      0.8696529686069692,
      0.812749108208268,
      0.7718987215810748,
      0.7374277895828808,
      0.7084554782681374,
      0.6800070153370595
    ],
    "train_acc": [
      79.91333333333334,
      88.24833333333333,
      90.825,
      92.095,
      93.21833333333333,
      93.76333333333334,
      93.60333333333334,
      94.48333333333333,
      94.43833333333333,
      94.78666666666666
    ],
    "test_acc": [
      80.10000000000001,
      88.8,
      91.21000000000001,
      92.47999999999999,
      93.54,
      94.17,
      94.15,
      94.85,
      94.69,
      95.05
    ]
  }
}