{
  "seed_index": 3,
  "seed_value": 1237,
  "test_accuracy": 0.8845,
  "loss_history": [
    0.699552059173584,
    0.6971572637557983,
    0.6966678500175476,
    0.7058930397033691,
    0.7086648344993591,
    0.7001253366470337,
    0.6950687170028687,
    0.6943008303642273,
    0.7022950053215027,
    0.7044351696968079,
    0.6927155256271362,
    0.6904863715171814,
    0.6961493492126465,
    0.6951345205307007,
    0.706368625164032,
    0.7004010081291199,
    0.6868019700050354,
    0.6977189779281616,
    0.7029681205749512,
    0.699078381061554,
    0.6979414224624634,
    0.6942974925041199,
    0.6929078102111816,
    0.691383957862854,
    0.6891890168190002,
    0.6909363269805908,
    0.7023163437843323,
    0.6921918392181396,
    0.6962771415710449,
    0.6952817440032959,
    0.6918460130691528,
    0.6898533701896667,
    0.6954154968261719,
    0.6870216131210327,
    0.6945061683654785,
    0.6934168934822083,
    0.6959452629089355,
    0.692996621131897,
    0.6907106041908264,
    0.6950222253799438,
    0.6968114376068115,
    0.691538393497467,
    0.6922849416732788,
    0.6873610019683838,
    0.6872345805168152,
    0.6905769109725952,
    0.6913929581642151,
    0.6899523138999939,
    0.6880744695663452,
    0.6859590411186218,
    0.6880584955215454,
    0.6829849481582642,
    0.6858558654785156,
    0.6956554651260376,
    0.6865518093109131,
    0.6814314126968384,
    0.687235414981842,
    0.6956951022148132,
    0.6886674761772156,
    0.6828082203865051,
    0.690785825252533,
    0.6875126361846924,
    0.6864694952964783,
    0.6793439984321594,
    0.6855416297912598,
    0.6869218945503235,
    0.6803607940673828,
    0.6805065274238586,
    0.6834108829498291,
    0.6810545325279236,
    0.6822232604026794,
    0.6803032159805298,
    0.6876706480979919,
    0.6812435984611511,
    0.6850490570068359,
    0.6864555478096008,
    0.6842294931411743,
    0.6807273030281067,
    0.6870585680007935,
    0.6787778735160828,
    0.6811784505844116,
    0.6807487607002258,
    0.6831806898117065,
    0.6829041242599487,
    0.679351270198822,
    0.6813427805900574,
    0.6813304424285889,
    0.6770622134208679,
    0.6784096360206604,
    0.6799759864807129,
    0.6810733675956726,
    0.6786919236183167,
    0.6787711977958679,
    0.6787547469139099,
    0.6758373975753784,
    0.6809207797050476,
    0.6743539571762085,
    0.6746370196342468,
    0.6803321838378906,
    0.6728984117507935,
    0.6731036305427551,
    0.6707721948623657,
    0.6761730909347534,
    0.6712815761566162,
    0.6689050793647766,
    0.6713649034500122,
    0.6714084148406982,
    0.6750867366790771,
    0.6694625020027161,
    0.6734076738357544,
    0.6744185090065002,
    0.6868910789489746,
    0.6668357253074646,
    0.6659677028656006,
    0.6606764793395996,
    0.6775881052017212,
    0.6815043091773987,
    0.6790966987609863,
    0.6712232232093811,
    0.6775984168052673,
    0.6756371855735779,
    0.6814736127853394,
    0.6701074242591858,
    0.6600515246391296,
    0.6683273315429688,
    0.6762262582778931,
    0.6779054403305054,
    0.6735637784004211,
    0.6590431928634644,
    0.6783028244972229,
    0.6663922071456909,
    0.6569945812225342,
    0.6756594181060791,
    0.6629325151443481,
    0.6646984219551086,
    0.6646946668624878,
    0.673332154750824,
    0.6731566786766052,
    0.6650150418281555,
    0.6634722352027893,
    0.6780790090560913,
    0.6588301658630371,
    0.6692391037940979,
    0.66170334815979,
    0.6565104722976685,
    0.662863552570343,
    0.6666839718818665,
    0.6723690629005432,
    0.6636667847633362,
    0.6584391593933105,
    0.6631582379341125,
    0.6560640931129456,
    0.6682027578353882,
    0.6489652395248413,
    0.6653287410736084,
    0.659589409828186,
    0.671631932258606,
    0.6758553385734558,
    0.65631103515625,
    0.6623625159263611,
    0.6625723838806152,
    0.6568464040756226,
    0.6595821976661682,
    0.6752856373786926,
    0.6586797833442688,
    0.665656328201294,
    0.6517236828804016,
    0.647111713886261,
    0.6582575440406799,
    0.6595256924629211,
    0.6489831805229187,
    0.657778263092041,
    0.6534088850021362,
    0.6595209240913391,
    0.6628486514091492,
    0.6487407088279724,
    0.6696524024009705,
    0.6560521125793457,
    0.6609905362129211,
    0.6672235727310181,
    0.6518762707710266,
    0.6524527072906494,
    0.6409454345703125,
    0.6483822464942932,
    0.6454179883003235,
    0.6444382667541504,
    0.6597208976745605,
    0.6413257122039795,
    0.659192681312561,
    0.6614393591880798,
    0.6595121026039124,
    0.6500811576843262,
    0.6479650139808655,
    0.6581812500953674,
    0.6432866454124451,
    0.6494526863098145,
    0.6600186824798584,
    0.6530685424804688,
    0.6522175073623657,
    0.6462648510932922
  ],
  "accuracy_history": [
    0.521,
    0.5175,
    0.5205,
    0.5205,
    0.523,
    0.5245,
    0.528,
    0.5315,
    0.537,
    0.54,
    0.541,
    0.542,
    0.541,
    0.5435,
    0.5455,
    0.5445,
    0.549,
    0.5525,
    0.5525,
    0.5545,
    0.554,
    0.553,
    0.553,
    0.55,
    0.546,
    0.5465,
    0.542,
    0.5365,
    0.5245,
    0.519,
    0.5185,
    0.517,
    0.501,
    0.4945,
    0.49,
    0.482,
    0.4795,
    0.4815,
    0.478,
    0.4775,
    0.4815,
    0.484,
    0.488,
    0.4905,
    0.4975,
    0.503,
    0.509,
    0.516,
    0.5245,
    0.531,
    0.541,
    0.5425,
    0.5455,
    0.5495,
    0.5555,
    0.5595,
    0.5655,
    0.574,
    0.5835,
    0.5905,
    0.6015,
    0.6145,
    0.6265,
    0.6405,
    0.65,
    0.666,
    0.6715,
    0.6805,
    0.6955,
    0.7095,
    0.718,
    0.7325,
    0.7405,
    0.75,
    0.757,
    0.7705,
    0.777,
    0.787,
    0.796,
    0.8035,
    0.81,
    0.816,
    0.822,
    0.8245,
    0.8305,
    0.837,
    0.8415,
    0.842,
    0.8435,
    0.846,
    0.8515,
    0.856,
    0.857,
    0.859,
    0.859,
    0.8595,
    0.8605,
    0.8545,
    0.851,
    0.8465,
    0.835,
    0.8175,
    0.794,
    0.7785,
    0.757,
    0.737,
    0.712,
    0.6955,
    0.673,
    0.6605,
    0.647,
    0.64,
    0.637,
    0.633,
    0.627,
    0.6205,
    0.6175,
    0.6185,
    0.6195,
    0.622,
    0.6245,
    0.627,
    0.634,
    0.6345,
    0.637,
    0.642,
    0.6465,
    0.654,
    0.6575,
    0.6635,
    0.6715,
    0.6765,
    0.681,
    0.6835,
    0.6915,
    0.6945,
    0.698,
    0.705,
    0.7045,
    0.702,
    0.708,
    0.711,
    0.717,
    0.718,
    0.7175,
    0.717,
    0.7165,
    0.7175,
    0.7205,
    0.725,
    0.7275,
    0.7285,
    0.732,
    0.734,
    0.735,
    0.737,
    0.741,
    0.7525,
    0.757,
    0.7655,
    0.7705,
    0.775,
    0.7785,
    0.792,
    0.797,
    0.808,
    0.817,
    0.82,
    0.8235,
    0.8305,
    0.832,
    0.8355,
    0.8365,
    0.838,
    0.8445,
    0.8505,
    0.8615,
    0.864,
    0.87,
    0.8765,
    0.8805,
    0.883,
    0.8855,
    0.887,
    0.888,
    0.8905,
    0.8915,
    0.891,
    0.8875,
    0.887,
    0.8875,
    0.8885,
    0.8895,
    0.889,
    0.8865,
    0.883,
    0.882,
    0.8815,
    0.8815,
    0.8845
  ]
}