{
  "seed_index": 1,
  "seed_value": 1235,
  "test_accuracy": 0.934,
  "loss_history": [
    0.6560835242271423,
    0.7060620188713074,
    0.6879280209541321,
    0.7194052338600159,
    0.7141704559326172,
    0.7226241827011108,
    0.6502124667167664,
    0.7030960321426392,
    0.7004181742668152,
    0.6974632143974304,
    0.6627872586250305,
    0.7011086344718933,
    0.6835913062095642,
    0.7052887678146362,
    0.697170078754425,
    0.6968981027603149,
    0.6891737580299377,
    0.6884416937828064,
    0.6877267956733704,
    0.6925650238990784,
    0.6988919973373413,
    0.7001147270202637,
    0.6948951482772827,
    0.6821422576904297,
    0.6910920143127441,
    0.6880714893341064,
    0.6895041465759277,
    0.6849823594093323,
    0.6918002963066101,
    0.6852049827575684,
    0.6876909136772156,
    0.6868800520896912,
    0.6859803199768066,
    0.6852771639823914,
    0.6891847252845764,
    0.6865016222000122,
    0.6836376786231995,
    0.6876822710037231,
    0.6860719323158264,
    0.6799831390380859,
    0.6855442523956299,
    0.6839605569839478,
    0.6825931668281555,
    0.6820444464683533,
    0.6863716244697571,
    0.6852776408195496,
    0.6874517798423767,
    0.6921226382255554,
    0.6778777241706848,
    0.678387463092804,
    0.6868054270744324,
    0.6894257068634033,
    0.676558256149292,
    0.6768366098403931,
    0.6777231097221375,
    0.6867635250091553,
    0.6766808032989502,
    0.6858283877372742,
    0.703978955745697,
    0.688992977142334,
    0.6616883873939514,
    0.6871378421783447,
    0.6850670576095581,
    0.685839056968689,
    0.6900925636291504,
    0.6834684014320374,
    0.6762591600418091,
    0.6827234625816345,
    0.6756168603897095,
    0.6740761399269104,
    0.6762621998786926,
    0.6759194135665894,
    0.6766440868377686,
    0.6741428971290588,
    0.6748940944671631,
    0.6724704504013062,
    0.6733997464179993,
    0.6745240092277527,
    0.6786510944366455,
    0.6725311279296875,
    0.6690049767494202,
    0.6686756610870361,
    0.6756149530410767,
    0.6764375567436218,
    0.681092381477356,
    0.6827915906906128,
    0.6620665192604065,
    0.666282057762146,
    0.6641265749931335,
    0.6754382252693176,
    0.6685790419578552,
    0.679983913898468,
    0.6597862839698792,
    0.6797926425933838,
    0.6651595234870911,
    0.6604740023612976,
    0.6728917956352234,
    0.6710193157196045,
    0.6745774745941162,
    0.660844624042511,
    0.6639707684516907,
    0.6482783555984497,
    0.6593787670135498,
    0.6604970693588257,
    0.6792349815368652,
    0.6665837168693542,
    0.6480194330215454,
    0.6724676489830017,
    0.6518949270248413,
    0.6408427357673645,
    0.6554244160652161,
    0.6958367824554443,
    0.6555777192115784,
    0.6565110087394714,
    0.6511628031730652,
    0.6570374965667725,
    0.651386559009552,
    0.6667537689208984,
    0.6583635807037354,
    0.644758939743042,
    0.6529729962348938,
    0.6672375202178955,
    0.6598899960517883,
    0.6458718776702881,
    0.6735870838165283,
    0.6488473415374756,
    0.6462318897247314,
    0.6497149467468262,
    0.6488791704177856,
    0.6507781147956848,
    0.6633589863777161,
    0.663504421710968,
    0.6444032192230225,
    0.6551582217216492,
    0.6413261294364929,
    0.6403124928474426,
    0.6363633871078491,
    0.6649069786071777,
    0.6489924788475037,
    0.6306520700454712,
    0.6411519050598145,
    0.6411682963371277,
    0.6411691308021545,
    0.657545804977417,
    0.6450634598731995,
    0.6599900126457214,
    0.642197847366333,
    0.6209216713905334,
    0.628946840763092,
    0.6254761219024658,
    0.6432405114173889,
    0.6201261878013611,
    0.6352313756942749,
    0.6166158318519592,
    0.6250063180923462,
    0.6202678084373474,
    0.6173297762870789,
    0.6239736676216125,
    0.6225813627243042,
    0.6195746064186096,
    0.6541228294372559,
    0.6137949228286743,
    0.6193205118179321,
    0.6045213937759399,
    0.5995582342147827,
    0.6047481298446655,
    0.6196132898330688,
    0.5967856645584106,
    0.6249669790267944,
    0.6093262434005737,
    0.6048164963722229,
    0.6174732446670532,
    0.622721254825592,
    0.624880850315094,
    0.5871627330780029,
    0.618003785610199,
    0.6032265424728394,
    0.6091533303260803,
    0.630621075630188,
    0.6159126162528992,
    0.6238656044006348,
    0.5892295837402344,
    0.5944898724555969,
    0.5919944643974304,
    0.5847668647766113,
    0.6079410314559937,
    0.5969564914703369,
    0.5869251489639282,
    0.5842870473861694,
    0.590711772441864,
    0.5830682516098022,
    0.592267632484436,
    0.6044036149978638,
    0.6239543557167053,
    0.5842296481132507,
    0.5826341509819031,
    0.5903773903846741,
    0.6008590459823608,
    0.5714654922485352,
    0.5736307501792908
  ],
  "accuracy_history": [
    0.5,
    0.5,
    0.5,
    0.5,
    0.5,
    0.5,
    0.5,
    0.5,
    0.5,
    0.5,
    0.5,
    0.5,
    0.5,
    0.5,
    0.5,
    0.5005,
    0.811,
    0.527,
    0.5055,
    0.5005,
    0.5005,
    0.5035,
    0.5065,
    0.511,
    0.5185,
    0.535,
    0.598,
    0.641,
    0.744,
    0.8225,
    0.867,
    0.8755,
    0.847,
    0.804,
    0.7885,
    0.825,
    0.7915,
    0.8115,
    0.8725,
    0.883,
    0.885,
    0.8625,
    0.7475,
    0.5905,
    0.534,
    0.5185,
    0.5175,
    0.5385,
    0.547,
    0.533,
    0.527,
    0.537,
    0.5295,
    0.5205,
    0.5095,
    0.5075,
    0.507,
    0.506,
    0.508,
    0.5175,
    0.5215,
    0.525,
    0.538,
    0.563,
    0.614,
    0.709,
    0.786,
    0.851,
    0.8745,
    0.884,
    0.885,
    0.888,
    0.8875,
    0.874,
    0.84,
    0.826,
    0.79,
    0.776,
    0.766,
    0.735,
    0.662,
    0.601,
    0.5665,
    0.543,
    0.539,
    0.556,
    0.5595,
    0.558,
    0.553,
    0.559,
    0.5655,
    0.586,
    0.603,
    0.629,
    0.653,
    0.658,
    0.689,
    0.7045,
    0.746,
    0.765,
    0.782,
    0.757,
    0.7195,
    0.6735,
    0.6815,
    0.7195,
    0.721,
    0.7555,
    0.76,
    0.7245,
    0.6685,
    0.6975,
    0.7235,
    0.745,
    0.7505,
    0.7595,
    0.758,
    0.7615,
    0.7725,
    0.7675,
    0.7645,
    0.776,
    0.7875,
    0.798,
    0.8345,
    0.8525,
    0.867,
    0.8725,
    0.868,
    0.8635,
    0.8645,
    0.8815,
    0.9085,
    0.9225,
    0.9315,
    0.9325,
    0.902,
    0.8355,
    0.7725,
    0.714,
    0.699,
    0.699,
    0.7045,
    0.762,
    0.8235,
    0.8865,
    0.931,
    0.9395,
    0.9405,
    0.94,
    0.937,
    0.9365,
    0.935,
    0.9265,
    0.922,
    0.9125,
    0.8945,
    0.8845,
    0.8775,
    0.8675,
    0.866,
    0.86,
    0.8635,
    0.8645,
    0.854,
    0.839,
    0.8275,
    0.8185,
    0.8145,
    0.8115,
    0.8085,
    0.808,
    0.819,
    0.8345,
    0.8435,
    0.8595,
    0.874,
    0.876,
    0.888,
    0.911,
    0.928,
    0.931,
    0.9345,
    0.934,
    0.934,
    0.9365,
    0.942,
    0.947,
    0.9485,
    0.9495,
    0.95,
    0.9485,
    0.9475,
    0.9455,
    0.9455,
    0.9455,
    0.945,
    0.9445,
    0.9385,
    0.934
  ]
}