{
  "seed_index": 2,
  "seed_value": 1236,
  "test_accuracy": 0.795,
  "loss_history": [
    0.711209774017334,
    0.7392673492431641,
    0.7237947583198547,
    0.7566879987716675,
    0.7257097363471985,
    0.674846887588501,
    0.640323281288147,
    0.7091323733329773,
    0.659858226776123,
    0.6762635111808777,
    0.698894739151001,
    0.748749315738678,
    0.6659321784973145,
    0.7344970107078552,
    0.7472338080406189,
    0.6891002655029297,
    0.660631000995636,
    0.6753575205802917,
    0.668622612953186,
    0.6901062726974487,
    0.6554279327392578,
    0.7455635666847229,
    0.7643080353736877,
    0.726534366607666,
    0.6955285668373108,
    0.6633524894714355,
    0.6946501135826111,
    0.689522385597229,
    0.6795507669448853,
    0.6411274075508118,
    0.656696617603302,
    0.6807132959365845,
    0.7056186199188232,
    0.6604110598564148,
    0.6997072100639343,
    0.6613574028015137,
    0.7003582715988159,
    0.6940310597419739,
    0.6627388000488281,
    0.672514796257019,
    0.6723792552947998,
    0.693045437335968,
    0.6624006628990173,
    0.6797760725021362,
    0.6926963329315186,
    0.6973559856414795,
    0.6927526593208313,
    0.6808147430419922,
    0.7194527387619019,
    0.7066855430603027,
    0.6861670613288879,
    0.6907776594161987,
    0.66428542137146,
    0.6943070292472839,
    0.6481834650039673,
    0.6684410572052002,
    0.6775891184806824,
    0.6672548651695251,
    0.6501154899597168,
    0.6516624689102173,
    0.6633043885231018,
    0.6506911516189575,
    0.676755428314209,
    0.6873432397842407,
    0.6706496477127075,
    0.6801785826683044,
    0.6557311415672302,
    0.6553856134414673,
    0.6668733358383179,
    0.6761966943740845,
    0.6830254197120667,
    0.677054226398468,
    0.683993399143219,
    0.6591486930847168,
    0.6669608950614929,
    0.6660951972007751,
    0.658312976360321,
    0.6714557409286499,
    0.6666721105575562,
    0.670142650604248,
    0.6602203845977783,
    0.6559395790100098,
    0.6524507999420166,
    0.6732925176620483,
    0.6470801830291748,
    0.6674113273620605,
    0.6739039421081543,
    0.6583289504051208,
    0.6744720935821533,
    0.6609523296356201,
    0.6724076867103577,
    0.6597563028335571,
    0.65824294090271,
    0.6623215675354004,
    0.6680349111557007,
    0.6588679552078247,
    0.656053900718689,
    0.6747981309890747,
    0.6585298180580139,
    0.669746994972229,
    0.667104184627533,
    0.6537250280380249,
    0.6618771553039551,
    0.6587282419204712,
    0.6581275463104248,
    0.6465499401092529,
    0.6568452715873718,
    0.667554497718811,
    0.6663879156112671,
    0.6409142017364502,
    0.6637033820152283,
    0.6558550000190735,
    0.66310715675354,
    0.654448390007019,
    0.6451624035835266,
    0.6486878395080566,
    0.6578898429870605,
    0.6533570885658264,
    0.657612681388855,
    0.6515031456947327,
    0.658271074295044,
    0.6478148698806763,
    0.645122766494751,
    0.6408328413963318,
    0.6509950757026672,
    0.658466637134552,
    0.648692786693573,
    0.6518762707710266,
    0.6602914333343506,
    0.6489627361297607,
    0.6447569131851196,
    0.6408159136772156,
    0.6456116437911987,
    0.649122416973114,
    0.654634416103363,
    0.6377105116844177,
    0.6508119702339172,
    0.6444252729415894,
    0.6343456506729126,
    0.6424694657325745,
    0.6514945030212402,
    0.6521141529083252,
    0.6455217599868774,
    0.6418464183807373,
    0.6443430185317993,
    0.6598562002182007,
    0.6401149034500122,
    0.6521968841552734,
    0.6395620703697205,
    0.6528052687644958,
    0.6396057605743408,
    0.6362942457199097,
    0.643345057964325,
    0.635254979133606,
    0.6410563588142395,
    0.6477468609809875,
    0.6409211158752441,
    0.6261786222457886,
    0.6465173363685608,
    0.6374889612197876,
    0.6304954290390015,
    0.6222397089004517,
    0.6300197839736938,
    0.6296214461326599,
    0.6485254764556885,
    0.6517908573150635,
    0.64533531665802,
    0.6552048325538635,
    0.6338484883308411,
    0.629117488861084,
    0.6333053708076477,
    0.6358122825622559,
    0.6155655384063721,
    0.6253585815429688,
    0.6284967660903931,
    0.6317631006240845,
    0.6306042075157166,
    0.657583475112915,
    0.6111811995506287,
    0.6257066130638123,
    0.6322115063667297,
    0.6370142102241516,
    0.6285629868507385,
    0.643497109413147,
    0.6226167678833008,
    0.618984043598175,
    0.634123682975769,
    0.6168615818023682,
    0.6072397828102112,
    0.6511240601539612,
    0.6082785725593567,
    0.603722095489502,
    0.6335023641586304,
    0.6484181880950928,
    0.6318544149398804,
    0.6298820972442627,
    0.5911248922348022,
    0.6180136203765869,
    0.5999231934547424,
    0.6312807202339172
  ],
  "accuracy_history": [
    0.5,
    0.5,
    0.5,
    0.5,
    0.5,
    0.5,
    0.5,
    0.5,
    0.5,
    0.5,
    0.5,
    0.5,
    0.5,
    0.5,
    0.5,
    0.5,
    0.5,
    0.5,
    0.5,
    0.5,
    0.5,
    0.5,
    0.5,
    0.5,
    0.5,
    0.5,
    0.5,
    0.5,
    0.5,
    0.5,
    0.5,
    0.5,
    0.5,
    0.5,
    0.5,
    0.5,
    0.5,
    0.5,
    0.5,
    0.5,
    0.5,
    0.5,
    0.5,
    0.5,
    0.5005,
    0.5005,
    0.501,
    0.5015,
    0.502,
    0.5055,
    0.512,
    0.5155,
    0.5235,
    0.5365,
    0.548,
    0.5565,
    0.565,
    0.5735,
    0.5775,
    0.5805,
    0.586,
    0.5865,
    0.5885,
    0.593,
    0.597,
    0.5985,
    0.6005,
    0.6015,
    0.603,
    0.6045,
    0.6085,
    0.6155,
    0.6205,
    0.6255,
    0.636,
    0.639,
    0.6485,
    0.658,
    0.6625,
    0.668,
    0.671,
    0.678,
    0.682,
    0.6955,
    0.703,
    0.712,
    0.7255,
    0.735,
    0.749,
    0.758,
    0.7665,
    0.777,
    0.7835,
    0.7935,
    0.8035,
    0.8135,
    0.8215,
    0.828,
    0.8325,
    0.8405,
    0.841,
    0.838,
    0.8385,
    0.84,
    0.8385,
    0.8395,
    0.837,
    0.8375,
    0.8365,
    0.835,
    0.8335,
    0.832,
    0.8355,
    0.8365,
    0.8375,
    0.8325,
    0.8325,
    0.8305,
    0.825,
    0.8265,
    0.8265,
    0.832,
    0.829,
    0.8275,
    0.828,
    0.8285,
    0.832,
    0.834,
    0.8365,
    0.8405,
    0.8415,
    0.8435,
    0.8445,
    0.848,
    0.853,
    0.854,
    0.8585,
    0.8575,
    0.858,
    0.855,
    0.8545,
    0.8545,
    0.858,
    0.8585,
    0.858,
    0.8595,
    0.8595,
    0.86,
    0.86,
    0.86,
    0.86,
    0.8615,
    0.86,
    0.8595,
    0.86,
    0.861,
    0.8625,
    0.8635,
    0.866,
    0.8695,
    0.8715,
    0.8715,
    0.8725,
    0.871,
    0.871,
    0.8725,
    0.8735,
    0.8745,
    0.875,
    0.8755,
    0.875,
    0.8725,
    0.869,
    0.8635,
    0.86,
    0.859,
    0.8565,
    0.855,
    0.853,
    0.8505,
    0.847,
    0.8455,
    0.8455,
    0.846,
    0.846,
    0.844,
    0.843,
    0.8395,
    0.832,
    0.829,
    0.8245,
    0.8185,
    0.81,
    0.8065,
    0.803,
    0.8025,
    0.802,
    0.7995,
    0.795,
    0.795
  ]
}