{
  "seed_index": 1,
  "seed_value": 1235,
  "test_accuracy": 0.6455,
  "loss_history": [
    0.7389125823974609,
    0.7017490863800049,
    0.7109737992286682,
    0.6979907155036926,
    0.6988710165023804,
    0.692090630531311,
    0.7187333106994629,
    0.6953796148300171,
    0.6945902109146118,
    0.6960880160331726,
    0.705009400844574,
    0.6976705193519592,
    0.7022237181663513,
    0.6946002840995789,
    0.6922500729560852,
    0.6878214478492737,
    0.6946255564689636,
    0.6984171271324158,
    0.6949530243873596,
    0.6982335448265076,
    0.701401948928833,
    0.6965457201004028,
    0.6952967047691345,
    0.6975869536399841,
    0.698301374912262,
    0.6946927905082703,
    0.6940855383872986,
    0.7020052075386047,
    0.6946042776107788,
    0.6965113878250122,
    0.6931662559509277,
    0.6989138126373291,
    0.6926811933517456,
    0.6935188174247742,
    0.7000940442085266,
    0.7000211477279663,
    0.6819539070129395,
    0.6972504258155823,
    0.6966451406478882,
    0.6888915300369263,
    0.6890313625335693,
    0.7004572153091431,
    0.7032277584075928,
    0.6941351294517517,
    0.6907306909561157,
    0.6936824321746826,
    0.6896969079971313,
    0.6905274987220764,
    0.6973266005516052,
    0.6996797323226929,
    0.6976816654205322,
    0.692739725112915,
    0.695935070514679,
    0.6881382465362549,
    0.6927874684333801,
    0.695941150188446,
    0.6927363872528076,
    0.6959142088890076,
    0.7030845880508423,
    0.6946070194244385,
    0.6886932253837585,
    0.6995201706886292,
    0.6944540143013,
    0.6954101324081421,
    0.6978145837783813,
    0.693461537361145,
    0.6880280375480652,
    0.6970533132553101,
    0.6855174899101257,
    0.6871890425682068,
    0.6909338235855103,
    0.6890403628349304,
    0.6898289322853088,
    0.6861898303031921,
    0.6861125826835632,
    0.6895182132720947,
    0.6894910335540771,
    0.6865065693855286,
    0.6971614956855774,
    0.6850693225860596,
    0.6921316385269165,
    0.6882386207580566,
    0.6955273151397705,
    0.6952677369117737,
    0.6978636980056763,
    0.6995303630828857,
    0.687441885471344,
    0.687136173248291,
    0.6822468042373657,
    0.6895309686660767,
    0.6912455558776855,
    0.6941111087799072,
    0.6860096454620361,
    0.6930970549583435,
    0.6891133785247803,
    0.6783406138420105,
    0.6963725090026855,
    0.6900213360786438,
    0.7005982398986816,
    0.6840207576751709,
    0.684620201587677,
    0.6766326427459717,
    0.6844694018363953,
    0.6874687075614929,
    0.695933997631073,
    0.694417417049408,
    0.6788551807403564,
    0.7051447033882141,
    0.6764476895332336,
    0.6678968667984009,
    0.6876345872879028,
    0.7216367125511169,
    0.6883891820907593,
    0.6897029280662537,
    0.6779411435127258,
    0.6886045932769775,
    0.6836005449295044,
    0.6924566030502319,
    0.6868827939033508,
    0.6760392189025879,
    0.6875180006027222,
    0.6972578167915344,
    0.6928313970565796,
    0.6791375875473022,
    0.7152659893035889,
    0.6856086254119873,
    0.6794188022613525,
    0.6856651306152344,
    0.686313271522522,
    0.6924051642417908,
    0.6985371112823486,
    0.7005443572998047,
    0.6999088525772095,
    0.6819836497306824,
    0.6901311278343201,
    0.6870185136795044,
    0.6893463134765625,
    0.6906524896621704,
    0.6909893155097961,
    0.6874411702156067,
    0.687023401260376,
    0.6906685829162598,
    0.6883447766304016,
    0.6875593662261963,
    0.6845359802246094,
    0.6951198577880859,
    0.6907634139060974,
    0.6862425208091736,
    0.6823515892028809,
    0.6799019575119019,
    0.6969488263130188,
    0.6776158213615417,
    0.6972244381904602,
    0.6855718493461609,
    0.6878721117973328,
    0.6923168301582336,
    0.679714024066925,
    0.6835337281227112,
    0.6854774355888367,
    0.6899603009223938,
    0.6916869878768921,
    0.6910845041275024,
    0.6851218938827515,
    0.6814191937446594,
    0.6881158351898193,
    0.6854292154312134,
    0.6801843047142029,
    0.6780121326446533,
    0.680544376373291,
    0.680556058883667,
    0.6824354529380798,
    0.6814360022544861,
    0.6897175312042236,
    0.6939728260040283,
    0.6731954216957092,
    0.6913842558860779,
    0.6843141913414001,
    0.6780492663383484,
    0.6918256282806396,
    0.699736475944519,
    0.6898297667503357,
    0.6796501874923706,
    0.6824007630348206,
    0.6858446002006531,
    0.6803000569343567,
    0.6930692791938782,
    0.6925539970397949,
    0.6801880598068237,
    0.6848571300506592,
    0.6880928874015808,
    0.6815740466117859,
    0.6805604696273804,
    0.6824363470077515,
    0.6918731927871704,
    0.6793000102043152,
    0.6839975118637085,
    0.6864593029022217,
    0.6876217126846313,
    0.6829342842102051,
    0.6776569485664368
  ],
  "accuracy_history": [
    0.5,
    0.5,
    0.5,
    0.5,
    0.5,
    0.5,
    0.5,
    0.4985,
    0.4935,
    0.4885,
    0.469,
    0.451,
    0.4255,
    0.4095,
    0.409,
    0.413,
    0.4135,
    0.4195,
    0.4195,
    0.416,
    0.414,
    0.4135,
    0.444,
    0.468,
    0.482,
    0.496,
    0.5125,
    0.518,
    0.5265,
    0.5275,
    0.5265,
    0.529,
    0.5325,
    0.5335,
    0.5335,
    0.535,
    0.5345,
    0.5375,
    0.5375,
    0.5385,
    0.539,
    0.536,
    0.53,
    0.514,
    0.4995,
    0.478,
    0.466,
    0.4795,
    0.472,
    0.463,
    0.454,
    0.454,
    0.452,
    0.46,
    0.475,
    0.489,
    0.5085,
    0.514,
    0.5125,
    0.512,
    0.513,
    0.5165,
    0.517,
    0.518,
    0.517,
    0.516,
    0.5105,
    0.4995,
    0.501,
    0.5015,
    0.5035,
    0.5055,
    0.507,
    0.513,
    0.524,
    0.527,
    0.5325,
    0.5355,
    0.536,
    0.539,
    0.5375,
    0.532,
    0.532,
    0.5265,
    0.525,
    0.5275,
    0.5275,
    0.5255,
    0.5225,
    0.523,
    0.523,
    0.525,
    0.5265,
    0.528,
    0.5295,
    0.529,
    0.53,
    0.5295,
    0.5305,
    0.532,
    0.534,
    0.5305,
    0.5245,
    0.5205,
    0.5205,
    0.5235,
    0.523,
    0.5265,
    0.5265,
    0.5215,
    0.515,
    0.517,
    0.518,
    0.522,
    0.522,
    0.5225,
    0.521,
    0.5205,
    0.5225,
    0.5195,
    0.519,
    0.521,
    0.5245,
    0.5265,
    0.535,
    0.5415,
    0.551,
    0.5515,
    0.5515,
    0.5515,
    0.5535,
    0.5565,
    0.5745,
    0.5745,
    0.5675,
    0.544,
    0.561,
    0.578,
    0.595,
    0.6105,
    0.61,
    0.609,
    0.608,
    0.6115,
    0.6125,
    0.6125,
    0.611,
    0.612,
    0.6135,
    0.614,
    0.614,
    0.6145,
    0.615,
    0.6155,
    0.6155,
    0.617,
    0.623,
    0.621,
    0.612,
    0.609,
    0.606,
    0.598,
    0.6005,
    0.598,
    0.589,
    0.5845,
    0.5885,
    0.597,
    0.5965,
    0.5835,
    0.5735,
    0.564,
    0.561,
    0.563,
    0.5585,
    0.56,
    0.5625,
    0.56,
    0.563,
    0.574,
    0.589,
    0.6015,
    0.6045,
    0.6035,
    0.609,
    0.6115,
    0.61,
    0.614,
    0.625,
    0.6275,
    0.634,
    0.6385,
    0.64,
    0.6435,
    0.645,
    0.646,
    0.6465,
    0.65,
    0.6445,
    0.6455
  ]
}