{
  "seed_index": 1,
  "seed_value": 1235,
  "test_accuracy": 0.9186761229314421,
  "loss_history": [
    0.7106481790542603,
    0.7365486025810242,
    0.7170611023902893,
    0.6965072154998779,
    0.6871514916419983,
    0.6889449954032898,
    0.7018164992332458,
    0.6842624545097351,
    0.6918627023696899,
    0.6864697933197021,
    0.6866976022720337,
    0.6799834370613098,
    0.6851885318756104,
    0.6848933696746826,
    0.6580104827880859,
    0.6900585293769836,
    0.6904499530792236,
    0.6818567514419556,
    0.6542580127716064,
    0.662380039691925,
    0.6995032429695129,
    0.6754540801048279,
    0.6822249889373779,
    0.6808679699897766,
    0.6681767106056213,
    0.7019665241241455,
    0.6476523876190186,
    0.6396469473838806,
    0.6899492740631104,
    0.6972948312759399,
    0.6972793340682983,
    0.6426492929458618,
    0.6715871691703796,
    0.697385847568512,
    0.6805791258811951,
    0.7028440833091736,
    0.6429838538169861,
    0.674856424331665,
    0.6668298244476318,
    0.6875758171081543,
    0.6873459815979004,
    0.6645887494087219,
    0.6548246741294861,
    0.6650417447090149,
    0.6688269972801208,
    0.648862361907959,
    0.6512306928634644,
    0.6867145299911499,
    0.6728128790855408,
    0.6608535647392273,
    0.6682397723197937,
    0.6743902564048767,
    0.6655183434486389,
    0.6622361540794373,
    0.66795814037323,
    0.657868504524231,
    0.6602222919464111,
    0.6537704467773438,
    0.6601387858390808,
    0.6542406678199768,
    0.6678516268730164,
    0.6665292382240295,
    0.6530092358589172,
    0.6493438482284546,
    0.6463959217071533,
    0.6568981409072876,
    0.6495669484138489,
    0.655812680721283,
    0.6484725475311279,
    0.6302011013031006,
    0.6656811237335205,
    0.663909912109375,
    0.6402872204780579,
    0.6687689423561096,
    0.6621682047843933,
    0.6660279035568237,
    0.644456148147583,
    0.6322033405303955,
    0.6352363228797913,
    0.6440116763114929,
    0.6315169334411621,
    0.64261794090271,
    0.6739113330841064,
    0.6706857085227966,
    0.6427628397941589,
    0.6553150415420532,
    0.6396562457084656,
    0.6190181374549866,
    0.6398199796676636,
    0.6438517570495605,
    0.6411396265029907,
    0.6670351624488831,
    0.6523725390434265,
    0.640850841999054,
    0.6434565782546997,
    0.6271374225616455,
    0.6324045062065125,
    0.6308543682098389,
    0.6333649158477783,
    0.6309396624565125,
    0.618973970413208,
    0.6376741528511047,
    0.6633444428443909,
    0.6366422176361084,
    0.6366040706634521,
    0.6121264100074768,
    0.6234516501426697,
    0.6445733904838562,
    0.6286353468894958,
    0.648396909236908,
    0.6399146914482117,
    0.622300922870636,
    0.6356733441352844,
    0.6267486810684204,
    0.6422021389007568,
    0.625624418258667,
    0.6260972023010254,
    0.6205376386642456,
    0.6265839338302612,
    0.6135013699531555,
    0.6139369606971741,
    0.6159453392028809,
    0.6224067211151123,
    0.6116731762886047,
    0.6129739284515381,
    0.6204848885536194,
    0.6098322868347168,
    0.616823673248291,
    0.6322587728500366,
    0.609809160232544,
    0.6143994927406311,
    0.6046977043151855,
    0.5953611135482788,
    0.6190402507781982,
    0.6140000224113464,
    0.5850226283073425,
    0.6091787219047546,
    0.6186220645904541,
    0.6006411910057068,
    0.6210808753967285,
    0.6062039732933044,
    0.6175832152366638,
    0.6264658570289612,
    0.6231303811073303,
    0.5807989239692688,
    0.6126297116279602,
    0.6223864555358887,
    0.6069127321243286,
    0.5893117189407349,
    0.5851452350616455,
    0.6048306226730347,
    0.5934463739395142,
    0.5872041583061218,
    0.5903282761573792,
    0.6005925536155701,
    0.5817379951477051,
    0.5886102914810181,
    0.5859187841415405,
    0.583228349685669,
    0.5961182117462158,
    0.5740102529525757,
    0.5719304084777832,
    0.5741693377494812,
    0.6006758213043213,
    0.5867830514907837,
    0.5826292634010315,
    0.5754693746566772,
    0.5967290997505188,
    0.5726817846298218,
    0.5668927431106567,
    0.5770597457885742,
    0.5795968174934387,
    0.5745652914047241,
    0.5696589946746826,
    0.565982460975647,
    0.5806886553764343,
    0.5557208061218262,
    0.5583232045173645,
    0.5586466789245605,
    0.551567018032074,
    0.5609287619590759,
    0.5585874319076538,
    0.5574740767478943,
    0.5425646901130676,
    0.5519987344741821,
    0.530735969543457,
    0.572870135307312,
    0.5385302305221558,
    0.5325471758842468,
    0.5406755805015564,
    0.5558250546455383,
    0.5606902837753296,
    0.5117244124412537,
    0.5177551507949829,
    0.5547906160354614,
    0.540153980255127,
    0.5508639812469482,
    0.5568150877952576,
    0.505588173866272,
    0.507905125617981
  ],