{
  "seed_index": 2,
  "seed_value": 1236,
  "test_accuracy": 0.9806146572104019,
  "loss_history": [
    0.7188399434089661,
    0.6697869300842285,
    0.6977475881576538,
    0.7193918824195862,
    0.6871465444564819,
    0.6903032660484314,
    0.7025249004364014,
    0.6664850115776062,
    0.6847329139709473,
    0.6899905204772949,
    0.692051112651825,
    0.6798343062400818,
    0.6870500445365906,
    0.6847741007804871,
    0.6808121204376221,
    0.6834795475006104,
    0.6823784708976746,
    0.680154025554657,
    0.6791972517967224,
    0.6786776781082153,
    0.6797946095466614,
    0.6762251853942871,
    0.6809207797050476,
    0.6801937818527222,
    0.678995668888092,
    0.6756367683410645,
    0.674831211566925,
    0.6753218770027161,
    0.6777799725532532,
    0.6785175800323486,
    0.6695286631584167,
    0.6744072437286377,
    0.6779487133026123,
    0.6699203252792358,
    0.6741712689399719,
    0.6698968410491943,
    0.6697956323623657,
    0.671409010887146,
    0.667726993560791,
    0.666130006313324,
    0.6642826199531555,
    0.6720008850097656,
    0.6675612926483154,
    0.6605842113494873,
    0.671671986579895,
    0.6661523580551147,
    0.6604080200195312,
    0.6588879227638245,
    0.6670342087745667,
    0.6728923916816711,
    0.6613152027130127,
    0.6612026691436768,
    0.6594494581222534,
    0.65326327085495,
    0.652469277381897,
    0.6635081768035889,
    0.6554200053215027,
    0.6621322631835938,
    0.6589750647544861,
    0.6457172632217407,
    0.6593060493469238,
    0.6503452062606812,
    0.6472209692001343,
    0.6453129649162292,
    0.6349500417709351,
    0.6534290313720703,
    0.6356027126312256,
    0.6238561272621155,
    0.6372337937355042,
    0.6526615023612976,
    0.6347463726997375,
    0.6320247650146484,
    0.6503992676734924,
    0.6342906355857849,
    0.6550344824790955,
    0.6310714483261108,
    0.6443671584129333,
    0.6357614994049072,
    0.6520127654075623,
    0.6337454319000244,
    0.6329341530799866,
    0.6297417283058167,
    0.6212291121482849,
    0.6298426389694214,
    0.6337288022041321,
    0.6330704092979431,
    0.6267595291137695,
    0.6248047947883606,
    0.6256277561187744,
    0.6150960326194763,
    0.6251512169837952,
    0.6172950863838196,
    0.6211721897125244,
    0.6114329695701599,
    0.5971617698669434,
    0.6015586256980896,
    0.6197304129600525,
    0.6095892786979675,
    0.6128100156784058,
    0.6199281215667725,
    0.612478494644165,
    0.5987647175788879,
    0.6003186702728271,
    0.587853193283081,
    0.5888985991477966,
    0.5785311460494995,
    0.5886168479919434,
    0.593169629573822,
    0.5576832890510559,
    0.6019507050514221,
    0.5821666121482849,
    0.5798215270042419,
    0.5459997653961182,
    0.5473777055740356,
    0.6060773134231567,
    0.5884235501289368,
    0.5950130224227905,
    0.5842651128768921,
    0.5881799459457397,
    0.566354513168335,
    0.5522049069404602,
    0.5571731328964233,
    0.5430662035942078,
    0.5589026212692261,
    0.5459346175193787,
    0.5680500268936157,
    0.5425272583961487,
    0.5637259483337402,
    0.5555324554443359,
    0.5260786414146423,
    0.5216646194458008,
    0.5347525477409363,
    0.5449913144111633,
    0.5489481687545776,
    0.5236665606498718,
    0.532995879650116,
    0.5533199906349182,
    0.5218459963798523,
    0.5054134726524353,
    0.5201513767242432,
    0.5009036064147949,
    0.5355508327484131,
    0.5031052231788635,
    0.5161497592926025,
    0.4971126616001129,
    0.5361218452453613,
    0.4968416690826416,
    0.5089442729949951,
    0.48494717478752136,
    0.4800386428833008,
    0.5034047961235046,
    0.4999501705169678,
    0.4667610228061676,
    0.4766565263271332,
    0.48741984367370605,
    0.47086507081985474,
    0.46914586424827576,
    0.46755310893058777,
    0.4642307162284851,
    0.4386422634124756,
    0.44512879848480225,
    0.5109063982963562,
    0.44506022334098816,
    0.4224165678024292,
    0.44147220253944397,
    0.4531843662261963,
    0.444362998008728,
    0.46157562732696533,
    0.45428305864334106,
    0.42354974150657654,
    0.4722592830657959,
    0.4798503518104553,
    0.4354577958583832,
    0.4559353291988373,
    0.43378710746765137,
    0.4493175148963928,
    0.42576485872268677,
    0.41666725277900696,
    0.41781067848205566,
    0.4294709265232086,
    0.3987184464931488,
    0.41993457078933716,
    0.4173813760280609,
    0.4101925790309906,
    0.4080836772918701,
    0.4514539837837219,
    0.403522789478302,
    0.41202691197395325,
    0.4073637127876282,
    0.40790408849716187,
    0.34974220395088196,
    0.4140150547027588,
    0.3895472586154938,
    0.40728047490119934,
    0.38770511746406555,
    0.3718363642692566,
    0.42801594734191895,
    0.40812912583351135,
    0.41810429096221924,
    0.40553396940231323
  ],