{
  "seed_index": 3,
  "seed_value": 1237,
  "test_accuracy": 0.8855,
  "loss_history": [
    0.714033842086792,
    0.7104039788246155,
    0.7032248973846436,
    0.7142930030822754,
    0.6958621144294739,
    0.7111906409263611,
    0.7008110880851746,
    0.6836606860160828,
    0.6872761249542236,
    0.7017502784729004,
    0.7126298546791077,
    0.7199152112007141,
    0.6997683644294739,
    0.7187126874923706,
    0.690788984298706,
    0.7087629437446594,
    0.722399890422821,
    0.7116723656654358,
    0.7015283107757568,
    0.6992666125297546,
    0.6789727210998535,
    0.6912356019020081,
    0.7130944728851318,
    0.6900231838226318,
    0.7033295631408691,
    0.7049607038497925,
    0.6875561475753784,
    0.6953557729721069,
    0.6864256858825684,
    0.7061675190925598,
    0.7135104537010193,
    0.6751437187194824,
    0.683001697063446,
    0.7007279992103577,
    0.6855718493461609,
    0.6999446153640747,
    0.6899415850639343,
    0.6890614032745361,
    0.6891430020332336,
    0.6997448801994324,
    0.6959621906280518,
    0.6898885369300842,
    0.6948434710502625,
    0.7059509754180908,
    0.7091739177703857,
    0.7021263241767883,
    0.7300390601158142,
    0.6855670809745789,
    0.6886992454528809,
    0.6985201835632324,
    0.6964902281761169,
    0.6714088320732117,
    0.6806235313415527,
    0.7092058062553406,
    0.7094914317131042,
    0.6785790920257568,
    0.7021698951721191,
    0.7107366323471069,
    0.7039718627929688,
    0.6986719369888306,
    0.7005991339683533,
    0.6861113905906677,
    0.6864064931869507,
    0.6936383247375488,
    0.7033628821372986,
    0.6941552758216858,
    0.6873962879180908,
    0.7020714282989502,
    0.7021836638450623,
    0.6976406574249268,
    0.6824724078178406,
    0.6966642737388611,
    0.6907027959823608,
    0.6900113821029663,
    0.6809360384941101,
    0.6964631676673889,
    0.6900892853736877,
    0.6895280480384827,
    0.6833228468894958,
    0.6852231621742249,
    0.6864084005355835,
    0.6783836483955383,
    0.6921441555023193,
    0.6878511309623718,
    0.687407910823822,
    0.684781014919281,
    0.699836015701294,
    0.6826316118240356,
    0.6833173632621765,
    0.6797643899917603,
    0.6865874528884888,
    0.6796788573265076,
    0.6881207227706909,
    0.6864005923271179,
    0.688652515411377,
    0.6798195838928223,
    0.6899831295013428,
    0.6869537830352783,
    0.6753789782524109,
    0.6829475164413452,
    0.6875585317611694,
    0.6844841837882996,
    0.6861087679862976,
    0.6874962449073792,
    0.6800158619880676,
    0.6782498955726624,
    0.6767907738685608,
    0.6849406361579895,
    0.6820376515388489,
    0.6850678324699402,
    0.6742950677871704,
    0.6997433304786682,
    0.6815518140792847,
    0.6829010844230652,
    0.658003032207489,
    0.6906633973121643,
    0.6958050727844238,
    0.686107337474823,
    0.6781327724456787,
    0.6863311529159546,
    0.6777900457382202,
    0.6914016604423523,
    0.6715112924575806,
    0.6642628312110901,
    0.6858822703361511,
    0.6869743466377258,
    0.6833603382110596,
    0.6825230121612549,
    0.6661521196365356,
    0.6918218731880188,
    0.6729063391685486,
    0.6690744161605835,
    0.6805028319358826,
    0.665291428565979,
    0.668531596660614,
    0.6796168684959412,
    0.6774278283119202,
    0.6738538146018982,
    0.6672003865242004,
    0.6760493516921997,
    0.6833234429359436,
    0.6648777723312378,
    0.6720346808433533,
    0.6707550883293152,
    0.6638073921203613,
    0.6643997430801392,
    0.6810136437416077,
    0.6705204248428345,
    0.6676725149154663,
    0.6664614081382751,
    0.6655481457710266,
    0.6626976132392883,
    0.6726223826408386,
    0.6575426459312439,
    0.6791337728500366,
    0.665469765663147,
    0.6668723225593567,
    0.6826613545417786,
    0.6589087843894958,
    0.6722068786621094,
    0.6717404127120972,
    0.6662946343421936,
    0.6748619079589844,
    0.6740297675132751,
    0.6554284691810608,
    0.6716963052749634,
    0.667083203792572,
    0.6585493683815002,
    0.6580072045326233,
    0.6601499915122986,
    0.6615101099014282,
    0.6612458229064941,
    0.6569042205810547,
    0.6659459471702576,
    0.6617083549499512,
    0.6605172157287598,
    0.6642575860023499,
    0.6622194647789001,
    0.6610537767410278,
    0.6628440022468567,
    0.6682206988334656,
    0.6577464938163757,
    0.6614802479743958,
    0.6536315679550171,
    0.6569197773933411,
    0.6518598198890686,
    0.6641333103179932,
    0.6563608646392822,
    0.6587656140327454,
    0.6689680218696594,
    0.6636453866958618,
    0.6567767262458801,
    0.651357889175415,
    0.6531825065612793,
    0.6523156762123108,
    0.6561445593833923,
    0.6680299639701843,
    0.6582252383232117,
    0.6401508450508118,
    0.650393009185791
  ],
  "accuracy_history": [
    0.4775,
    0.467,
    0.452,
    0.4415,
    0.4435,
    0.442,
    0.4395,
    0.443,
    0.445,
    0.454,
    0.458,
    0.456,
    0.457,
    0.454,
    0.4545,
    0.455,
    0.452,
    0.447,
    0.4465,
    0.449,
    0.455,
    0.46,
    0.4615,
    0.466,
    0.4695,
    0.473,
    0.478,
    0.479,
    0.482,
    0.4855,
    0.487,
    0.4885,
    0.4895,
    0.489,
    0.49,
    0.491,
    0.493,
    0.4955,
    0.4975,
    0.499,
    0.4995,
    0.4995,
    0.5,
    0.5005,
    0.5005,
    0.5005,
    0.5005,
    0.5005,
    0.5005,
    0.5,
    0.5,
    0.5005,
    0.5005,
    0.5005,
    0.5005,
    0.5005,
    0.5005,
    0.501,
    0.5015,
    0.5,
    0.498,
    0.497,
    0.4965,
    0.494,
    0.493,
    0.4945,
    0.494,
    0.495,
    0.495,
    0.4965,
    0.4965,
    0.5,
    0.501,
    0.5025,
    0.5025,
    0.509,
    0.516,
    0.525,
    0.536,
    0.5405,
    0.55,
    0.5545,
    0.562,
    0.565,
    0.5695,
    0.575,
    0.5915,
    0.6025,
    0.611,
    0.615,
    0.6175,
    0.6225,
    0.635,
    0.6425,
    0.6505,
    0.655,
    0.666,
    0.6785,
    0.6825,
    0.697,
    0.6975,
    0.7045,
    0.7175,
    0.7235,
    0.726,
    0.7185,
    0.7025,
    0.681,
    0.6575,
    0.63,
    0.613,
    0.6035,
    0.5945,
    0.5905,
    0.5785,
    0.572,
    0.57,
    0.5705,
    0.5725,
    0.578,
    0.584,
    0.5915,
    0.6,
    0.6035,
    0.61,
    0.623,
    0.638,
    0.655,
    0.6655,
    0.684,
    0.694,
    0.707,
    0.715,
    0.7175,
    0.723,
    0.7275,
    0.7345,
    0.7415,
    0.7405,
    0.737,
    0.7455,
    0.7515,
    0.759,
    0.7605,
    0.7585,
    0.7565,
    0.755,
    0.756,
    0.756,
    0.762,
    0.765,
    0.764,
    0.7655,
    0.765,
    0.7675,
    0.7685,
    0.7715,
    0.7785,
    0.785,
    0.7865,
    0.7905,
    0.796,
    0.799,
    0.8105,
    0.819,
    0.8295,
    0.834,
    0.836,
    0.838,
    0.841,
    0.844,
    0.8505,
    0.8525,
    0.854,
    0.857,
    0.859,
    0.863,
    0.8675,
    0.8695,
    0.8765,
    0.8825,
    0.8865,
    0.889,
    0.892,
    0.891,
    0.892,
    0.893,
    0.892,
    0.89,
    0.89,
    0.891,
    0.891,
    0.8905,
    0.8905,
    0.887,
    0.886,
    0.887,
    0.884,
    0.8845,
    0.8855
  ]
}