{
  "seed_index": 2,
  "seed_value": 1236,
  "test_accuracy": 0.6411347517730497,
  "loss_history": [
    0.6440380215644836,
    0.7507795691490173,
    0.6764065623283386,
    0.6169047355651855,
    0.6957840919494629,
    0.6889356970787048,
    0.6407055854797363,
    0.7749053239822388,
    0.687763512134552,
    0.6697285175323486,
    0.6613993644714355,
    0.7146347761154175,
    0.6676046252250671,
    0.6725916862487793,
    0.6994940042495728,
    0.6805917620658875,
    0.664456307888031,
    0.6963440775871277,
    0.6695242524147034,
    0.6757824420928955,
    0.6833832263946533,
    0.6566997766494751,
    0.6833770275115967,
    0.7154850959777832,
    0.7064682841300964,
    0.654625415802002,
    0.6700136065483093,
    0.6905150413513184,
    0.6865804195404053,
    0.7092957496643066,
    0.6672652959823608,
    0.6883938312530518,
    0.7085577249526978,
    0.6646880507469177,
    0.7073694467544556,
    0.6823648810386658,
    0.6966185569763184,
    0.7020067572593689,
    0.6984182596206665,
    0.6868548393249512,
    0.6597794890403748,
    0.6627633571624756,
    0.663134753704071,
    0.6795076727867126,
    0.6520686149597168,
    0.6545718908309937,
    0.6815332174301147,
    0.6734433770179749,
    0.6463339924812317,
    0.6233701109886169,
    0.6740798354148865,
    0.6571919918060303,
    0.6616413593292236,
    0.620926022529602,
    0.6664794683456421,
    0.6836921572685242,
    0.6538330316543579,
    0.6726318597793579,
    0.6827864646911621,
    0.6443634629249573,
    0.6767837405204773,
    0.6586799025535583,
    0.6767633557319641,
    0.6627861261367798,
    0.6651278138160706,
    0.6549350619316101,
    0.6516184210777283,
    0.6195736527442932,
    0.6422260999679565,
    0.6805540323257446,
    0.6460750699043274,
    0.6647951602935791,
    0.6821435689926147,
    0.6656185984611511,
    0.6704252362251282,
    0.6543684601783752,
    0.6860623955726624,
    0.6801958680152893,
    0.6786956191062927,
    0.6539103984832764,
    0.642443835735321,
    0.6664019227027893,
    0.6458932757377625,
    0.6770530939102173,
    0.6709379553794861,
    0.6647428870201111,
    0.6289333701133728,
    0.6722755432128906,
    0.6483211517333984,
    0.6424397230148315,
    0.6137499213218689,
    0.6534523963928223,
    0.610096275806427,
    0.672238290309906,
    0.6260043382644653,
    0.6267501711845398,
    0.6733776330947876,
    0.6456059813499451,
    0.6488099694252014,
    0.6632475256919861,
    0.6431044936180115,
    0.6277820467948914,
    0.6459364891052246,
    0.6474862694740295,
    0.6227369904518127,
    0.609535813331604,
    0.6361013650894165,
    0.6597652435302734,
    0.6099942922592163,
    0.6682811975479126,
    0.6291736960411072,
    0.6429776549339294,
    0.617938220500946,
    0.6174052953720093,
    0.6643474102020264,
    0.6480165123939514,
    0.679893970489502,
    0.6518126726150513,
    0.6675785779953003,
    0.6565715074539185,
    0.641743540763855,
    0.6198277473449707,
    0.6499987244606018,
    0.6159396171569824,
    0.598278284072876,
    0.6781910061836243,
    0.666313648223877,
    0.6586941480636597,
    0.6644432544708252,
    0.6579628586769104,
    0.6154593825340271,
    0.6112490296363831,
    0.6413719654083252,
    0.6220506429672241,
    0.591013491153717,
    0.6662660837173462,
    0.6503456830978394,
    0.6217913031578064,
    0.6210815906524658,
    0.6290120482444763,
    0.6112133264541626,
    0.6314512491226196,
    0.6406187415122986,
    0.6321969032287598,
    0.6282539367675781,
    0.6556636095046997,
    0.6264777779579163,
    0.6503889560699463,
    0.6097984910011292,
    0.6233206391334534,
    0.6372953653335571,
    0.6470165252685547,
    0.6211950778961182,
    0.6094886064529419,
    0.6385143399238586,
    0.6004056334495544,
    0.6099106073379517,
    0.6026519536972046,
    0.6262800693511963,
    0.5993672013282776,
    0.5941171050071716,
    0.6695641875267029,
    0.5914910435676575,
    0.6211602091789246,
    0.5833343267440796,
    0.6176912188529968,
    0.6317687034606934,
    0.5918388962745667,
    0.6377366781234741,
    0.5905624032020569,
    0.6293800473213196,
    0.6197463274002075,
    0.6064412593841553,
    0.6294375658035278,
    0.6093286275863647,
    0.6470345258712769,
    0.6032689213752747,
    0.5929068326950073,
    0.5665469765663147,
    0.6426459550857544,
    0.5667796730995178,
    0.5853499174118042,
    0.5842114686965942,
    0.5921266674995422,
    0.5817514061927795,
    0.6428407430648804,
    0.5694737434387207,
    0.5672405362129211,
    0.5893062353134155,
    0.5844340324401855,
    0.5572985410690308,
    0.5917804837226868,
    0.5829194784164429,
    0.602130651473999,
    0.5950846672058105,
    0.5883772373199463,
    0.6089308261871338,
    0.6161642670631409,
    0.5971488356590271,
    0.6278075575828552
  ],