{
  "seed_index": 3,
  "seed_value": 1237,
  "test_accuracy": 0.8515366430260047,
  "loss_history": [
    0.6842777729034424,
    0.6793624758720398,
    0.6828741431236267,
    0.674196720123291,
    0.6783419847488403,
    0.6673420071601868,
    0.6707485318183899,
    0.6797441840171814,
    0.6744049191474915,
    0.6817517876625061,
    0.6649329662322998,
    0.6602268218994141,
    0.6768798232078552,
    0.6711437702178955,
    0.6627008318901062,
    0.6611066460609436,
    0.6731611490249634,
    0.6621513962745667,
    0.6751205921173096,
    0.6645911335945129,
    0.6814441680908203,
    0.6724636554718018,
    0.6668003797531128,
    0.6635118722915649,
    0.6612493991851807,
    0.6548532843589783,
    0.6780686974525452,
    0.6752941012382507,
    0.6613840460777283,
    0.6580061316490173,
    0.6657606363296509,
    0.679940402507782,
    0.6442722082138062,
    0.6578921675682068,
    0.6616629958152771,
    0.6692647337913513,
    0.6528599262237549,
    0.6562819480895996,
    0.6573721170425415,
    0.647979199886322,
    0.6572113037109375,
    0.6547682285308838,
    0.6654696464538574,
    0.6388875842094421,
    0.7087202668190002,
    0.6624930500984192,
    0.638776957988739,
    0.6458410620689392,
    0.6633394360542297,
    0.6809558868408203,
    0.6695578098297119,
    0.6408822536468506,
    0.6533759832382202,
    0.6667415499687195,
    0.611386239528656,
    0.6515102982521057,
    0.6793400645256042,
    0.6405830383300781,
    0.6470575928688049,
    0.6444279551506042,
    0.6446328163146973,
    0.6404509544372559,
    0.6649211645126343,
    0.6487351059913635,
    0.6519625782966614,
    0.6442568302154541,
    0.6671850681304932,
    0.6800525784492493,
    0.6710510849952698,
    0.6108524203300476,
    0.6645742058753967,
    0.6603368520736694,
    0.6473604440689087,
    0.6553698778152466,
    0.6424070000648499,
    0.6427889466285706,
    0.6672595143318176,
    0.6568895578384399,
    0.6251567602157593,
    0.6341087818145752,
    0.6296928524971008,
    0.61549311876297,
    0.6649649739265442,
    0.6374779343605042,
    0.654812216758728,
    0.6376449465751648,
    0.6774919033050537,
    0.6423068046569824,
    0.6776077151298523,
    0.6697056293487549,
    0.6416512131690979,
    0.65083909034729,
    0.649360179901123,
    0.66487717628479,
    0.6424887180328369,
    0.6427571773529053,
    0.6461977958679199,
    0.6517758369445801,
    0.6507505178451538,
    0.6437221765518188,
    0.6736161708831787,
    0.6564153432846069,
    0.6255026459693909,
    0.6453344821929932,
    0.6253148913383484,
    0.6279292702674866,
    0.6305327415466309,
    0.6357154250144958,
    0.6246488690376282,
    0.6244434118270874,
    0.6357836723327637,
    0.62532639503479,
    0.626779317855835,
    0.6161845922470093,
    0.628815233707428,
    0.6371049284934998,
    0.6233950257301331,
    0.6344775557518005,
    0.6279810070991516,
    0.6122094988822937,
    0.6484944820404053,
    0.6288008689880371,
    0.6247496008872986,
    0.6528797745704651,
    0.6416102051734924,
    0.6011309623718262,
    0.6283611059188843,
    0.6290237903594971,
    0.6440028548240662,
    0.6055696606636047,
    0.6096214056015015,
    0.6130576729774475,
    0.611417829990387,
    0.616324782371521,
    0.6172164678573608,
    0.6269159913063049,
    0.6151513457298279,
    0.5768797397613525,
    0.6263362765312195,
    0.6114093065261841,
    0.6356693506240845,
    0.605170488357544,
    0.6171658635139465,
    0.601453959941864,
    0.6231895685195923,
    0.636640191078186,
    0.6431118249893188,
    0.6488638520240784,
    0.6159933805465698,
    0.5979353189468384,
    0.6299313902854919,
    0.6395986080169678,
    0.5953240394592285,
    0.6329293251037598,
    0.6163262128829956,
    0.65277498960495,
    0.6260596513748169,
    0.5839029550552368,
    0.6471009850502014,
    0.5925605893135071,
    0.6025276184082031,
    0.6034510135650635,
    0.607586681842804,
    0.5964337587356567,
    0.6085090637207031,
    0.5926446914672852,
    0.6018918752670288,
    0.5871080160140991,
    0.5751243829727173,
    0.6137517690658569,
    0.5653986930847168,
    0.5947253704071045,
    0.5816318988800049,
    0.6239851713180542,
    0.6040905714035034,
    0.6067302227020264,
    0.6115319728851318,
    0.5898811221122742,
    0.5557827949523926,
    0.6158572435379028,
    0.5807241201400757,
    0.596948504447937,
    0.5741164088249207,
    0.5916761159896851,
    0.5657358169555664,
    0.5885438919067383,
    0.5912749171257019,
    0.589648962020874,
    0.5773487091064453,
    0.6377979516983032,
    0.5851271748542786,
    0.606393575668335,
    0.5783776640892029,
    0.5932551026344299,
    0.5871682167053223,
    0.5845763683319092,
    0.6093132495880127,
    0.613137423992157,
    0.5988906621932983,
    0.5765926837921143
  ],