{
    "loss_qt": [
        2.2269527912139893
    ],
    "accuracy_qt": [
        19.0
    ],
    "params_qt": [
        295
    ],
    "loss_ablation": [
        2.175863027572632
    ],
    "accuracy_ablation": [
        20.5
    ],
    "params_ablation": [
        124
    ]
}