{
    "loss_qt": [
        1.2593390941619873,
        0.70037841796875,
        0.6535590291023254,
        0.3436359167098999,
        0.26476019620895386,
        0.26584285497665405,
        0.2921808660030365,
        0.23253005743026733,
        0.25207945704460144,
        0.17207753658294678,
        0.1458798348903656,
        0.14293718338012695,
        0.12416210025548935,
        0.10385235399007797,
        0.06895726174116135
    ],
    "accuracy_qt": [
        53.4,
        77.3,
        81.1,
        89.3,
        91.4,
        92.4,
        90.9,
        93.4,
        92.7,
        94.7,
        95.9,
        94.9,
        96.5,
        96.5,
        97.6
    ],
    "params_qt": [
        295,
        450,
        667,
        946,
        1287,
        1690,
        2155,
        2682,
        3271,
        3922,
        4635,
        5410,
        6247,
        7146,
        8107
    ],
    "loss_ablation": [
        1.0120174884796143,
        0.6638112664222717,
        0.43596139550209045,
        0.3231494128704071,
        0.3838499188423157,
        0.21800445020198822,
        0.18790873885154724,
        0.15206709504127502,
        0.19274652004241943,
        0.13599245250225067,
        0.1037014052271843,
        0.07526596635580063,
        0.09937745332717896,
        0.06844210624694824,
        0.07913625985383987
    ],
    "accuracy_ablation": [
        66.9,
        79.0,
        88.0,
        88.9,
        88.6,
        93.8,
        94.4,
        95.5,
        94.9,
        96.3,
        96.2,
        96.9,
        96.5,
        97.3,
        96.9
    ],
    "params_ablation": [
        124,
        279,
        496,
        775,
        1116,
        1519,
        1984,
        2511,
        3100,
        3751,
        4464,
        5239,
        6076,
        6975,
        7936
    ]
}