{
    "loss_qt": [
        2.193448543548584,
        1.24823796749115,
        0.7676905989646912,
        0.4340130090713501,
        0.5072888731956482,
        0.4335296154022217,
        0.33188560605049133,
        0.30229130387306213,
        0.25684797763824463,
        0.28049367666244507,
        1.3985499143600464,
        0.2082522064447403,
        0.2569292187690735,
        0.3150888681411743,
        0.2849067449569702
    ],
    "accuracy_qt": [
        28.666666666666668,
        60.0,
        77.16666666666667,
        85.33333333333333,
        86.33333333333333,
        88.0,
        91.0,
        92.66666666666667,
        93.16666666666667,
        92.83333333333333,
        80.33333333333333,
        93.83333333333333,
        94.16666666666667,
        93.33333333333333,
        94.33333333333333
    ],
    "params_qt": [
        295,
        450,
        667,
        946,
        1287,
        1690,
        2155,
        2682,
        3271,
        3922,
        4635,
        5410,
        6247,
        7146,
        8107
    ],
    "loss_ablation": [
        1.1555603742599487,
        0.7635836005210876,
        0.5857980251312256,
        0.46745502948760986,
        0.3034558892250061,
        0.26289740204811096,
        0.28064224123954773,
        0.25607964396476746,
        0.26002031564712524,
        0.20524375140666962,
        0.23425926268100739,
        0.2705391049385071,
        0.21619898080825806,
        0.3571203947067261,
        0.22516679763793945
    ],
    "accuracy_ablation": [
        63.666666666666664,
        78.66666666666667,
        82.0,
        86.33333333333333,
        91.66666666666667,
        92.16666666666667,
        93.0,
        93.0,
        93.33333333333333,
        93.5,
        93.0,
        94.0,
        94.83333333333333,
        93.66666666666667,
        94.83333333333333
    ],
    "params_ablation": [
        124,
        279,
        496,
        775,
        1116,
        1519,
        1984,
        2511,
        3100,
        3751,
        4464,
        5239,
        6076,
        6975,
        7936
    ]
}