{
    "loss_qt": [
        2.1279656887054443,
        2.0634939670562744,
        1.8540502786636353,
        2.0766003131866455,
        1.7793364524841309,
        1.9038435220718384,
        1.7963582277297974,
        1.786606788635254,
        1.8488402366638184,
        1.846625566482544,
        1.7324163913726807,
        1.7971175909042358,
        1.6745549440383911,
        1.9435770511627197,
        1.6938002109527588
    ],
    "accuracy_qt": [
        23.1,
        27.0,
        33.3,
        12.6,
        28.6,
        22.4,
        27.8,
        28.3,
        25.0,
        24.5,
        31.5,
        31.5,
        36.2,
        19.7,
        36.2
    ],
    "params_qt": [
        295,
        450,
        667,
        946,
        1287,
        1690,
        2155,
        2682,
        3271,
        3922,
        4635,
        5410,
        6247,
        7146,
        8107
    ],
    "loss_ablation": [
        2.119983434677124,
        1.9832836389541626,
        2.0975029468536377,
        1.766058087348938,
        1.964107871055603,
        1.884873867034912,
        1.8143283128738403,
        1.7321803569793701,
        1.8473368883132935,
        1.6269986629486084,
        1.809189796447754,
        1.6004129648208618,
        1.7846745252609253,
        1.7486284971237183,
        1.8353898525238037
    ],
    "accuracy_ablation": [
        19.0,
        26.1,
        23.3,
        34.0,
        25.1,
        23.4,
        27.2,
        38.7,
        26.5,
        41.8,
        24.8,
        43.3,
        39.4,
        34.2,
        27.5
    ],
    "params_ablation": [
        124,
        279,
        496,
        775,
        1116,
        1519,
        1984,
        2511,
        3100,
        3751,
        4464,
        5239,
        6076,
        6975,
        7936
    ]
}