{
    "loss_list": [
        [
            1.538884162902832,
            0.833710253238678
        ],
        [
            0.9139564037322998,
            0.6206800937652588
        ]
    ],
    "acc_list": [
        [
            41.2,
            73.4
        ],
        [
            70.9,
            79.8
        ]
    ]
}