{
    "loss_list": [
        [
            2.1187891960144043,
            2.1268279552459717
        ],
        [
            2.0488944053649902,
            1.5949831008911133
        ]
    ],
    "acc_list": [
        [
            16.9,
            21.9
        ],
        [
            22.5,
            47.1
        ]
    ]
}