{
  "seed_index": 3,
  "seed_value": 1237,
  "test_accuracy": 0.8595,
  "loss_history": [
    0.7064427137374878,
    0.704538106918335,
    0.7192538976669312,
    0.6971400380134583,
    0.7485199570655823,
    0.6866253614425659,
    0.7119495868682861,
    0.7419890761375427,
    0.7221109867095947,
    0.7265946269035339,
    0.6776492595672607,
    0.6668769121170044,
    0.7133503556251526,
    0.6767769455909729,
    0.7145307660102844,
    0.6980621218681335,
    0.6738645434379578,
    0.69398033618927,
    0.7082945108413696,
    0.7002474069595337,
    0.7222253680229187,
    0.6958160400390625,
    0.687268853187561,
    0.7040964365005493,
    0.6935245394706726,
    0.6901193261146545,
    0.6961058974266052,
    0.6906372904777527,
    0.6905244588851929,
    0.6892427206039429,
    0.6951688528060913,
    0.6915473341941833,
    0.6883878111839294,
    0.6962452530860901,
    0.6857907772064209,
    0.6861846446990967,
    0.679973304271698,
    0.6901808381080627,
    0.6869810223579407,
    0.6871010065078735,
    0.6868882775306702,
    0.6848446130752563,
    0.6865262389183044,
    0.6969563364982605,
    0.7056129574775696,
    0.689771294593811,
    0.7182775735855103,
    0.6768817901611328,
    0.6828057169914246,
    0.6943008303642273,
    0.6875132918357849,
    0.6642491817474365,
    0.6846289038658142,
    0.7102375030517578,
    0.7104328870773315,
    0.6811242699623108,
    0.6877132654190063,
    0.7069896459579468,
    0.7041228413581848,
    0.6946336627006531,
    0.6895853281021118,
    0.6787418127059937,
    0.6735163927078247,
    0.6921820640563965,
    0.6876981854438782,
    0.6842394471168518,
    0.6754475235939026,
    0.692655622959137,
    0.6885301470756531,
    0.6923885345458984,
    0.6732161641120911,
    0.6884677410125732,
    0.6834778785705566,
    0.6796165704727173,
    0.6837784647941589,
    0.680051326751709,
    0.6815730929374695,
    0.6863289475440979,
    0.6818583607673645,
    0.6725993156433105,
    0.6837295293807983,
    0.6860067844390869,
    0.6846426129341125,
    0.6836621165275574,
    0.6862850189208984,
    0.6798070669174194,
    0.682200014591217,
    0.6817179918289185,
    0.6795467138290405,
    0.6741636395454407,
    0.6799776554107666,
    0.6812431812286377,
    0.6804822683334351,
    0.6807401180267334,
    0.6730011701583862,
    0.6751375794410706,
    0.6794477105140686,
    0.6788716912269592,
    0.6857610940933228,
    0.6735939979553223,
    0.676077663898468,
    0.6765844821929932,
    0.6697814464569092,
    0.6766602993011475,
    0.6741395592689514,
    0.6664420962333679,
    0.6690319180488586,
    0.6875159740447998,
    0.6629020571708679,
    0.6737251281738281,
    0.6749207973480225,
    0.6993815898895264,
    0.6689450144767761,
    0.6792744398117065,
    0.6296108365058899,
    0.6911370158195496,
    0.6912439465522766,
    0.693382978439331,
    0.6812258362770081,
    0.6777870059013367,
    0.6865943670272827,
    0.7022104859352112,
    0.668459415435791,
    0.6446849703788757,
    0.6807019114494324,
    0.6838731169700623,
    0.6773984432220459,
    0.6739465594291687,
    0.6548070311546326,
    0.6894164085388184,
    0.6645187139511108,
    0.6645699143409729,
    0.6675700545310974,
    0.6667737364768982,
    0.6750115156173706,
    0.6686661243438721,
    0.6803209781646729,
    0.6651836633682251,
    0.6662684679031372,
    0.6617748141288757,
    0.6706482172012329,
    0.6669556498527527,
    0.6570245623588562,
    0.6642895340919495,
    0.6638601422309875,
    0.6684072613716125,
    0.6595216989517212,
    0.6598226428031921,
    0.6709224581718445,
    0.6654684543609619,
    0.665526807308197,
    0.6588379740715027,
    0.6537947654724121,
    0.6719869375228882,
    0.6647550463676453,
    0.6690492033958435,
    0.655901312828064,
    0.6695742607116699,
    0.6544753909111023,
    0.6646236181259155,
    0.6629382967948914,
    0.6689181327819824,
    0.6571595072746277,
    0.6626875400543213,
    0.6573323011398315,
    0.6514908075332642,
    0.6538783311843872,
    0.6538606882095337,
    0.657052755355835,
    0.648866593837738,
    0.6514689922332764,
    0.6422007083892822,
    0.6429096460342407,
    0.6551271677017212,
    0.6586604118347168,
    0.6441099643707275,
    0.6560421586036682,
    0.6381160616874695,
    0.6461963057518005,
    0.6369622945785522,
    0.6579045057296753,
    0.6691630482673645,
    0.6487656235694885,
    0.6582410931587219,
    0.646402895450592,
    0.6469757556915283,
    0.6472728252410889,
    0.6694145798683167,
    0.6511303782463074,
    0.6532396078109741,
    0.6353086233139038,
    0.6355007886886597,
    0.6418358683586121,
    0.6430454850196838,
    0.6540816426277161,
    0.635297417640686,
    0.6490473747253418,
    0.6600935459136963,
    0.6424527168273926,
    0.6408878564834595
  ],
  "accuracy_history": [
    0.5,
    0.5,
    0.5,
    0.5,
    0.5,
    0.5,
    0.5,
    0.5,
    0.5,
    0.5,
    0.5,
    0.5,
    0.5,
    0.5,
    0.5,
    0.5,
    0.5,
    0.5,
    0.5,
    0.5,
    0.4995,
    0.4945,
    0.487,
    0.473,
    0.4675,
    0.4615,
    0.507,
    0.6005,
    0.6235,
    0.6055,
    0.586,
    0.562,
    0.536,
    0.514,
    0.504,
    0.499,
    0.5,
    0.5,
    0.5,
    0.5,
    0.5,
    0.5,
    0.5,
    0.5,
    0.5,
    0.5,
    0.5,
    0.5,
    0.5,
    0.5,
    0.5,
    0.5,
    0.5,
    0.5,
    0.5,
    0.5,
    0.5,
    0.5,
    0.5,
    0.5,
    0.5,
    0.5,
    0.5,
    0.5,
    0.502,
    0.5045,
    0.5065,
    0.514,
    0.5325,
    0.5565,
    0.572,
    0.601,
    0.6255,
    0.644,
    0.6605,
    0.683,
    0.702,
    0.723,
    0.735,
    0.7415,
    0.755,
    0.7575,
    0.7635,
    0.766,
    0.772,
    0.772,
    0.7775,
    0.7805,
    0.7825,
    0.784,
    0.7845,
    0.784,
    0.7865,
    0.79,
    0.793,
    0.794,
    0.794,
    0.794,
    0.7935,
    0.7895,
    0.7835,
    0.7685,
    0.728,
    0.679,
    0.6275,
    0.548,
    0.501,
    0.493,
    0.495,
    0.4995,
    0.5005,
    0.5005,
    0.5005,
    0.5005,
    0.501,
    0.501,
    0.501,
    0.501,
    0.501,
    0.5005,
    0.5005,
    0.4975,
    0.498,
    0.498,
    0.5,
    0.5145,
    0.572,
    0.6455,
    0.6875,
    0.737,
    0.77,
    0.7865,
    0.7945,
    0.8005,
    0.8085,
    0.815,
    0.8205,
    0.8275,
    0.828,
    0.8275,
    0.8305,
    0.8355,
    0.834,
    0.8345,
    0.834,
    0.837,
    0.8375,
    0.8375,
    0.838,
    0.835,
    0.836,
    0.8385,
    0.838,
    0.8405,
    0.841,
    0.8425,
    0.8445,
    0.847,
    0.848,
    0.8515,
    0.853,
    0.8525,
    0.849,
    0.8465,
    0.842,
    0.8415,
    0.839,
    0.84,
    0.841,
    0.8395,
    0.84,
    0.841,
    0.841,
    0.8405,
    0.8345,
    0.835,
    0.8335,
    0.8315,
    0.8315,
    0.8245,
    0.8145,
    0.812,
    0.811,
    0.8085,
    0.809,
    0.8115,
    0.813,
    0.8185,
    0.8285,
    0.834,
    0.8375,
    0.839,
    0.84,
    0.845,
    0.847,
    0.851,
    0.856,
    0.8585,
    0.859,
    0.8595
  ]
}