{
  "seed_index": 2,
  "seed_value": 1236,
  "test_accuracy": 0.6395,
  "loss_history": [
    0.7734184265136719,
    0.7121402025222778,
    0.7408171892166138,
    0.6886661052703857,
    0.7368414998054504,
    0.7686612010002136,
    0.8419532775878906,
    0.6897326111793518,
    0.8014580011367798,
    0.7597070932388306,
    0.7357262372970581,
    0.6591469049453735,
    0.7929935455322266,
    0.6801575422286987,
    0.6580731272697449,
    0.7400939464569092,
    0.7712505459785461,
    0.7332723736763,
    0.7274747490882874,
    0.71461021900177,
    0.7700694799423218,
    0.656882643699646,
    0.6334275007247925,
    0.6641422510147095,
    0.6937399506568909,
    0.7223300933837891,
    0.6649377942085266,
    0.7085942625999451,
    0.7150875926017761,
    0.7446985840797424,
    0.7122050523757935,
    0.6992616057395935,
    0.6898919939994812,
    0.7089473605155945,
    0.6908354163169861,
    0.7073206305503845,
    0.6869836449623108,
    0.6932421326637268,
    0.706610918045044,
    0.7063762545585632,
    0.6963693499565125,
    0.6890360116958618,
    0.7001698017120361,
    0.6947193741798401,
    0.690278947353363,
    0.6810489892959595,
    0.6982827186584473,
    0.6922481656074524,
    0.6950293779373169,
    0.6898132562637329,
    0.6948497891426086,
    0.6789905428886414,
    0.6899707317352295,
    0.6830670237541199,
    0.6936585903167725,
    0.6972580552101135,
    0.6920995116233826,
    0.6940896511077881,
    0.6855068802833557,
    0.684614896774292,
    0.6884130239486694,
    0.6865683197975159,
    0.6939855813980103,
    0.6861499547958374,
    0.6956433653831482,
    0.6938385963439941,
    0.6794438362121582,
    0.682959794998169,
    0.6866472363471985,
    0.687164306640625,
    0.6948648691177368,
    0.6868773102760315,
    0.6949194073677063,
    0.6797337532043457,
    0.6854275465011597,
    0.6836483478546143,
    0.683361291885376,
    0.685086190700531,
    0.6817482709884644,
    0.687847375869751,
    0.6797231435775757,
    0.6775239706039429,
    0.6748095750808716,
    0.6898659467697144,
    0.6719837188720703,
    0.687293529510498,
    0.6851029396057129,
    0.6806915402412415,
    0.6867595911026001,
    0.6832095384597778,
    0.692444384098053,
    0.6792579889297485,
    0.679481565952301,
    0.6790885925292969,
    0.6822651624679565,
    0.6811978220939636,
    0.6744351387023926,
    0.690542459487915,
    0.6801342964172363,
    0.6889053583145142,
    0.6809694170951843,
    0.6738893985748291,
    0.6756637692451477,
    0.6814113855361938,
    0.6797344088554382,
    0.6740434169769287,
    0.681633710861206,
    0.6834758520126343,
    0.6831182241439819,
    0.6609678864479065,
    0.6840419769287109,
    0.6749474406242371,
    0.6876776218414307,
    0.6728586554527283,
    0.6678928136825562,
    0.6652346849441528,
    0.6760415434837341,
    0.6735237240791321,
    0.6786640286445618,
    0.6776291728019714,
    0.6772465705871582,
    0.6722908616065979,
    0.663472592830658,
    0.6662659645080566,
    0.6723842024803162,
    0.6770950555801392,
    0.6713917255401611,
    0.6692270636558533,
    0.6809858679771423,
    0.670286238193512,
    0.6670669317245483,
    0.6596640944480896,
    0.6651715040206909,
    0.6679139137268066,
    0.6736545562744141,
    0.6616843342781067,
    0.6668936014175415,
    0.6649166345596313,
    0.6543610095977783,
    0.6640034317970276,
    0.6712959408760071,
    0.6687058210372925,
    0.6643149852752686,
    0.6636039614677429,
    0.6647704243659973,
    0.6769190430641174,
    0.6628702282905579,
    0.6713745594024658,
    0.6625551581382751,
    0.669475793838501,
    0.659394383430481,
    0.6561310291290283,
    0.6637712717056274,
    0.6562597751617432,
    0.6582249402999878,
    0.6656410694122314,
    0.6599622368812561,
    0.6516453623771667,
    0.6662142276763916,
    0.6606025695800781,
    0.6573241949081421,
    0.6452062726020813,
    0.6494282484054565,
    0.6503361463546753,
    0.6624974608421326,
    0.664866030216217,
    0.6639159321784973,
    0.6676371693611145,
    0.6539908051490784,
    0.6601278781890869,
    0.6543683409690857,
    0.6567960977554321,
    0.6411682963371277,
    0.6489450335502625,
    0.6517951488494873,
    0.6548203825950623,
    0.6508761048316956,
    0.6723037958145142,
    0.641528844833374,
    0.649993360042572,
    0.6487650275230408,
    0.6580764651298523,
    0.6554406881332397,
    0.6629363298416138,
    0.6441794633865356,
    0.6369602680206299,
    0.6550549864768982,
    0.6383395791053772,
    0.6293014287948608,
    0.6685085296630859,
    0.6292135119438171,
    0.6180949211120605,
    0.6564939618110657,
    0.6709699034690857,
    0.6513874530792236,
    0.6525667309761047,
    0.6207849979400635,
    0.6394938826560974,
    0.6186909675598145,
    0.655941367149353
  ],
  "accuracy_history": [
    0.5,
    0.5,
    0.5,
    0.5,
    0.5,
    0.5,
    0.5,
    0.5,
    0.5,
    0.5,
    0.5,
    0.5,
    0.5,
    0.5,
    0.5,
    0.5,
    0.5,
    0.5,
    0.5,
    0.5,
    0.5,
    0.5,
    0.5,
    0.5,
    0.5,
    0.5,
    0.5,
    0.5,
    0.5,
    0.5,
    0.5,
    0.5,
    0.5,
    0.4995,
    0.499,
    0.4985,
    0.4985,
    0.502,
    0.505,
    0.5095,
    0.5145,
    0.515,
    0.507,
    0.4965,
    0.486,
    0.483,
    0.4835,
    0.4845,
    0.4835,
    0.4925,
    0.4955,
    0.5045,
    0.51,
    0.5185,
    0.525,
    0.529,
    0.5325,
    0.528,
    0.5335,
    0.5355,
    0.5325,
    0.528,
    0.5285,
    0.526,
    0.519,
    0.523,
    0.5255,
    0.53,
    0.5395,
    0.55,
    0.555,
    0.557,
    0.556,
    0.556,
    0.5585,
    0.5585,
    0.559,
    0.5615,
    0.5635,
    0.565,
    0.567,
    0.5695,
    0.571,
    0.577,
    0.5805,
    0.5825,
    0.5875,
    0.5935,
    0.6015,
    0.607,
    0.619,
    0.623,
    0.631,
    0.638,
    0.645,
    0.655,
    0.6695,
    0.684,
    0.6875,
    0.6925,
    0.6875,
    0.6805,
    0.6665,
    0.6565,
    0.65,
    0.6485,
    0.649,
    0.65,
    0.6505,
    0.647,
    0.648,
    0.6505,
    0.662,
    0.6775,
    0.686,
    0.68,
    0.674,
    0.672,
    0.669,
    0.6765,
    0.687,
    0.698,
    0.699,
    0.7025,
    0.708,
    0.712,
    0.72,
    0.729,
    0.74,
    0.747,
    0.756,
    0.7615,
    0.7665,
    0.7755,
    0.789,
    0.8,
    0.808,
    0.8085,
    0.809,
    0.8035,
    0.803,
    0.806,
    0.8105,
    0.8105,
    0.809,
    0.8125,
    0.8115,
    0.81,
    0.811,
    0.8085,
    0.8115,
    0.812,
    0.8065,
    0.809,
    0.811,
    0.815,
    0.819,
    0.823,
    0.8265,
    0.833,
    0.8345,
    0.836,
    0.836,
    0.8355,
    0.836,
    0.837,
    0.838,
    0.839,
    0.8425,
    0.8395,
    0.838,
    0.8375,
    0.827,
    0.815,
    0.7975,
    0.787,
    0.7795,
    0.779,
    0.7715,
    0.768,
    0.7595,
    0.753,
    0.752,
    0.7525,
    0.7525,
    0.748,
    0.7455,
    0.7385,
    0.7265,
    0.716,
    0.706,
    0.6825,
    0.668,
    0.6585,
    0.654,
    0.6535,
    0.652,
    0.648,
    0.6395,
    0.6395
  ]
}